id,partner,alcon_id,created_at,skus
53908,,77b9c8fa31dd5d7c128fecf1f4f1c785,2024-07-22 08:09:09,"[{""id"": ""50"", ""brand"": ""\u041e\u043f\u0442\u0438-\u0424\u0440\u0438 PureMoist"", ""quantity"": ""1"", ""size"": ""300""}]"
53909,,167035b14a59a3974cbc90c91843015a,2024-07-22 08:09:11,"[{""id"": ""27"", ""brand"": ""Air Optix plus HydraGlyde for Astigmatism"", ""quantity"": ""1"", ""size"": ""3""}]"
53910,,b5a25703247eccc7ca26eea587150a19,2024-07-22 08:09:15,"[{""id"": ""9"", ""brand"": ""Air Optix Colors"", ""quantity"": ""1"", ""size"": ""2""}]"
53911,,0ca956f7058eb5ba83753a141944c172,2024-07-22 08:09:17,"[{""id"": ""12"", ""brand"": ""\u041e\u043f\u0442\u0438-\u0424\u0440\u0438"", ""quantity"": ""1"", ""size"": """"}, {""id"": ""44"", ""brand"": ""\u041e\u043f\u0442\u0438-\u0424\u0440\u0438"", ""quantity"": ""1"", ""size"": ""15""}]"
53912,,8b275bbd55a3d8e801c9aea3a1bc70d7,2024-07-22 08:09:19,"[{""id"": ""28"", ""brand"": ""Air Optix plus HydraGlyde Multifocal"", ""quantity"": ""1"", ""size"": ""3""}]"
53913,,64eed4fe482ff4590b45ce0518adea49,2024-07-22 08:09:21,"[{""id"": ""10"", ""brand"": ""Air Optix Night & Day Aqua"", ""quantity"": ""1"", ""size"": ""3""}]"
53914,,b095be177e76b431a96a5897d672441d,2024-07-22 08:09:06,"[{""id"": ""12"", ""brand"": ""\u041e\u043f\u0442\u0438-\u0424\u0440\u0438"", ""quantity"": ""1"", ""size"": """"}, {""id"": ""12"", ""brand"": ""\u041e\u043f\u0442\u0438-\u0424\u0440\u0438"", ""quantity"": ""1"", ""size"": """"}, {""id"": ""44"", ""brand"": ""\u041e\u043f\u0442\u0438-\u0424\u0440\u0438"", ""quantity"": ""1"", ""size"": ""15""}, {""id"": ""44"", ""brand"": ""\u041e\u043f\u0442\u0438-\u0424\u0440\u0438"", ""quantity"": ""1"", ""size"": ""15""}]"
53915,bcom,78dd51d4af2f344fc927b26f1a52e67b,2024-07-22 10:00:04,"[{""id"": 40, ""brand"": ""Precision1"", ""quantity"": 1, ""size"": 30}]"
53916,bcom,7e48f0f5e60336a9840bd6f8202f08b3,2024-07-22 10:00:07,"[{""id"": 28, ""brand"": ""Air Optix plus HydraGlyde Multifocal"", ""quantity"": 1, ""size"": 3}, {""id"": 28, ""brand"": ""Air Optix plus HydraGlyde Multifocal"", ""quantity"": 1, ""size"": 3}]"
53917,bcom,9d52537fddf6940e12acf6db69043b31,2024-07-22 10:00:09,"[{""id"": 1, ""brand"": ""Dailies Total1"", ""quantity"": 1, ""size"": 30}]"
53918,bcom,ff0dc851e544ad884ee9ed5ffdffca15,2024-07-22 10:00:11,"[{""id"": 40, ""brand"": ""Precision1"", ""quantity"": 1, ""size"": 30}]"
53919,bcom,60b7552ed8f7b3f65b93105593dff2cc,2024-07-22 10:00:13,"[{""id"": 28, ""brand"": ""Air Optix plus HydraGlyde Multifocal"", ""quantity"": 1, ""size"": 3}]"
53920,bcom,80d8bb18cb1eb546290d7a4273c79f14,2024-07-22 10:00:16,"[{""id"": 1, ""brand"": ""Dailies Total1"", ""quantity"": 1, ""size"": 30}]"
53921,bcom,308b34fd14d03dedafc5c11c4312ed25,2024-07-22 10:00:18,"[{""id"": 67, ""brand"": ""\u0422\u043e\u0432\u0430\u0440 Alcon"", ""quantity"": 1, ""size"": 0}]"
53922,bcom,f4e513f661b0f3c5174e37b7cc87e66f,2024-07-22 10:00:21,[]
53923,bcom,d632dc3bb600ba07e66e2fb186f52d82,2024-07-22 10:00:21,"[{""id"": 9, ""brand"": ""Air Optix Colors"", ""quantity"": 1, ""size"": 2}]"
53924,bcom,38645064cf57dd4a7f522b49f42f478b,2024-07-22 10:00:23,[]
53925,bcom,7d88a54d11f0a5a273911991152a45c7,2024-07-22 10:00:24,"[{""id"": 55, ""brand"": ""\u0421\u0438\u0441\u0442\u0435\u0439\u043d \u0423\u043b\u044c\u0442\u0440\u0430"", ""quantity"": 1, ""size"": 15}]"
53926,bcom,d1b3e462b3d2fe69fa07a9274eeeaa82,2024-07-22 10:00:26,"[{""id"": 40, ""brand"": ""Precision1"", ""quantity"": 1, ""size"": 30}]"
53927,bcom,2d25aece85871e8051a571541a8b05d9,2024-07-22 10:00:27,"[{""id"": 67, ""brand"": ""\u0422\u043e\u0432\u0430\u0440 Alcon"", ""quantity"": 1, ""size"": 0}]"
53928,bcom,b35489e1e3e565a0fac936aad1926d91,2024-07-22 10:00:30,"[{""id"": 40, ""brand"": ""Precision1"", ""quantity"": 1, ""size"": 30}]"
53929,bcom,e14d90112fe0e0d03a66a41c1e8248d0,2024-07-22 10:00:32,"[{""id"": 67, ""brand"": ""\u0422\u043e\u0432\u0430\u0440 Alcon"", ""quantity"": 1, ""size"": 0}]"
53930,bcom,56a54022c7064ee21df733f43436082c,2024-07-22 10:00:35,"[{""id"": 40, ""brand"": ""Precision1"", ""quantity"": 1, ""size"": 30}]"
53931,bcom,b294836acd358a89a691af6e307dc2bf,2024-07-22 10:00:38,"[{""id"": 40, ""brand"": ""Precision1"", ""quantity"": 1, ""size"": 30}]"
53932,bcom,fa5ea51aba970a679ca04bc6b46d9c1b,2024-07-22 10:00:40,"[{""id"": 1, ""brand"": ""Dailies Total1"", ""quantity"": 1, ""size"": 30}, {""id"": 1, ""brand"": ""Dailies Total1"", ""quantity"": 1, ""size"": 30}]"
53933,bcom,6fc1f086d8261daac3150f94befa4567,2024-07-22 10:00:42,"[{""id"": 1, ""brand"": ""Dailies Total1"", ""quantity"": 1, ""size"": 30}]"
53934,bcom,3af66478ea34e7ccd4be80235f3243d5,2024-07-22 10:00:47,"[{""id"": 28, ""brand"": ""Air Optix plus HydraGlyde Multifocal"", ""quantity"": 1, ""size"": 3}, {""id"": 28, ""brand"": ""Air Optix plus HydraGlyde Multifocal"", ""quantity"": 1, ""size"": 3}]"
53935,bcom,16002bd83747ddd1977acf4606dce0b8,2024-07-22 10:00:50,"[{""id"": 28, ""brand"": ""Air Optix plus HydraGlyde Multifocal"", ""quantity"": 1, ""size"": 3}]"
53936,bcom,76d0b4058e99d2243be0835b499d159b,2024-07-22 10:00:53,"[{""id"": 44, ""brand"": ""\u041e\u043f\u0442\u0438-\u0424\u0440\u0438"", ""quantity"": 1, ""size"": 15}]"
53937,bcom,225f22e4671233e2d8c686388df8b321,2024-07-22 10:00:55,"[{""id"": 28, ""brand"": ""Air Optix plus HydraGlyde Multifocal"", ""quantity"": 1, ""size"": 3}, {""id"": 28, ""brand"": ""Air Optix plus HydraGlyde Multifocal"", ""quantity"": 1, ""size"": 3}]"
53938,bcom,423e06db2d75be63283cc323eec4b5bd,2024-07-22 10:00:58,"[{""id"": 1, ""brand"": ""Dailies Total1"", ""quantity"": 1, ""size"": 30}, {""id"": 1, ""brand"": ""Dailies Total1"", ""quantity"": 1, ""size"": 30}]"
53939,bcom,af8ec59cf71bc78ea96012527985797c,2024-07-22 10:01:02,"[{""id"": 1, ""brand"": ""Dailies Total1"", ""quantity"": 1, ""size"": 30}]"
53940,bcom,13a7026816b419cef36113745d3b6836,2024-07-22 10:01:05,"[{""id"": 1, ""brand"": ""Dailies Total1"", ""quantity"": 1, ""size"": 30}]"
53941,bcom,6f53208d001ae0a2452a191a737205bd,2024-07-22 10:01:07,"[{""id"": 40, ""brand"": ""Precision1"", ""quantity"": 1, ""size"": 30}, {""id"": 40, ""brand"": ""Precision1"", ""quantity"": 1, ""size"": 30}]"
53942,bcom,ef1908728fa1536754d4dcd5cb638097,2024-07-22 10:01:09,"[{""id"": 8, ""brand"": ""Air Optix plus HydraGlyde"", ""quantity"": 1, ""size"": 6}, {""id"": 28, ""brand"": ""Air Optix plus HydraGlyde Multifocal"", ""quantity"": 1, ""size"": 3}]"
53943,bcom,97ebfd2ba3f91579788c6d961257df87,2024-07-22 10:01:12,"[{""id"": 1, ""brand"": ""Dailies Total1"", ""quantity"": 1, ""size"": 30}]"
53944,bcom,943ff509a394304c4c28476f613381ec,2024-07-22 10:01:14,"[{""id"": 1, ""brand"": ""Dailies Total1"", ""quantity"": 1, ""size"": 30}, {""id"": 1, ""brand"": ""Dailies Total1"", ""quantity"": 1, ""size"": 30}]"
53945,bcom,4b7a04c019c4569311458e6efe2e5875,2024-07-22 10:01:15,"[{""id"": 28, ""brand"": ""Air Optix plus HydraGlyde Multifocal"", ""quantity"": 1, ""size"": 3}, {""id"": 28, ""brand"": ""Air Optix plus HydraGlyde Multifocal"", ""quantity"": 1, ""size"": 3}]"
53946,linzitut,e1ce905909799750b3ca22c671842b31,2024-07-22 16:25:32,"[{""id"": ""1"", ""quantity"": 1, ""size"": 30, ""brand"": ""Dailies Total1""}]"
53947,kb-12,ab8b1625bd9e038d509f2b5bc8696f3c,2024-07-23 00:16:03,"[{""id"": 1, ""brand"": ""Dailies Total1"", ""quantity"": ""1"", ""size"": 30}]"
53948,kb-12,237e1094c900876812f3c9d9226cfad9,2024-07-23 00:30:03,"[{""id"": 1, ""brand"": ""Dailies Total1"", ""quantity"": ""2"", ""size"": 30}]"
53949,kb-12,f6b02c4a946db8d8033a0ff64a5d89eb,2024-07-23 00:42:02,"[{""id"": 1, ""brand"": ""Dailies Total1"", ""quantity"": ""2"", ""size"": 30}]"
53950,kb-12,fad23932556ab1e68da2f4219e403cd0,2024-07-23 00:46:03,"[{""id"": 69, ""brand"": ""TOTAL30"", ""quantity"": ""2"", ""size"": 3}]"
53951,kb-12,a267ddd013ff353cd39168f982539521,2024-07-23 01:02:02,"[{""id"": 1, ""brand"": ""Dailies Total1"", ""quantity"": ""2"", ""size"": 30}]"
53952,kb-12,25feaa54c20a85407be652de566964be,2024-07-23 01:02:03,"[{""id"": 1, ""brand"": ""Dailies Total1"", ""quantity"": ""2"", ""size"": 30}]"
53953,kb-12,1b7297b1bba6d77eb9be0a37acc4b6c3,2024-07-23 01:02:04,"[{""id"": 1, ""brand"": ""Dailies Total1"", ""quantity"": ""2"", ""size"": 30}]"
53954,kb-12,212a21782c868facb5b1ecd588b3773c,2024-07-23 01:02:05,"[{""id"": 1, ""brand"": ""Dailies Total1"", ""quantity"": ""2"", ""size"": 30}]"
53955,kb-12,ae21b059efb027416068d135f0e85e5e,2024-07-23 01:06:02,"[{""id"": 40, ""brand"": ""Precision1"", ""quantity"": ""1"", ""size"": 30}]"
53956,kb-12,b795e74c8eee5151c6b0370d5a2f8091,2024-07-23 01:13:03,"[{""id"": 1, ""brand"": ""Dailies Total1"", ""quantity"": ""1"", ""size"": 30}]"
53957,kb-12,9706bc0f600cdf865019e97f691ee363,2024-07-23 01:26:02,"[{""id"": 1, ""brand"": ""Dailies Total1"", ""quantity"": ""1"", ""size"": 30}]"
53958,kb-12,39fd6ee9198de0e0ca6accc592c68a1f,2024-07-23 01:31:02,"[{""id"": 1, ""brand"": ""Dailies Total1"", ""quantity"": ""4"", ""size"": 30}]"
53959,kb-12,3a42340999a730925baebb654ebfb140,2024-07-23 01:47:02,"[{""id"": 4, ""brand"": ""Dailies Total1 \u041c\u0443\u043b\u044c\u0442\u0438\u0444\u043e\u043a\u0430\u043b\u044c\u043d\u044b\u0435"", ""quantity"": ""1"", ""size"": 30}]"
53960,kb-12,f23bb237ff981be6fa56988968c8645a,2024-07-23 01:52:03,"[{""id"": 1, ""brand"": ""Dailies Total1"", ""quantity"": ""1"", ""size"": 30}]"
53961,kb-12,ed58df3351125558a6fe584993345bdd,2024-07-23 02:07:03,"[{""id"": 1, ""brand"": ""Dailies Total1"", ""quantity"": ""1"", ""size"": 30}]"
53962,kb-12,6e1f71e48fed90a2755af2581894669f,2024-07-23 02:08:02,"[{""id"": 1, ""brand"": ""Dailies Total1"", ""quantity"": ""1"", ""size"": 30}]"
53963,kb-12,ca1fdf465bb272407ad734406678c1d0,2024-07-23 02:19:03,"[{""id"": 1, ""brand"": ""Dailies Total1"", ""quantity"": ""1"", ""size"": 30}]"
53964,kb-12,369eee28d0386d71842903d9e70855cb,2024-07-23 02:27:02,"[{""id"": 69, ""brand"": ""TOTAL30"", ""quantity"": ""1"", ""size"": 3}]"
53965,kb-12,f0a0b9f7fc6ee0721ab9144f6f27a4af,2024-07-23 02:30:02,"[{""id"": 1, ""brand"": ""Dailies Total1"", ""quantity"": ""1"", ""size"": 30}]"
53966,kb-12,b15caea12d54d1cda095bab764d0efee,2024-07-23 02:35:03,"[{""id"": 1, ""brand"": ""Dailies Total1"", ""quantity"": ""2"", ""size"": 30}]"
53967,kb-12,90bc4c1f37f8e82d70d5bf66a37e8770,2024-07-23 02:37:03,"[{""id"": 1, ""brand"": ""Dailies Total1"", ""quantity"": ""1"", ""size"": 30}]"
53968,kb-12,a2aaf576dfcc0b42a007d1fbec07a1ff,2024-07-23 02:37:04,"[{""id"": 40, ""brand"": ""Precision1"", ""quantity"": ""2"", ""size"": 30}]"
53969,kb-12,237e19d6f87ed775dcd36677984b62a6,2024-07-23 02:42:02,"[{""id"": 1, ""brand"": ""Dailies Total1"", ""quantity"": ""1"", ""size"": 30}]"
53970,kb-12,329340fa0459f5077a456565755b23cd,2024-07-23 02:51:02,"[{""id"": 40, ""brand"": ""Precision1"", ""quantity"": ""2"", ""size"": 30}]"
53971,kb-12,36c152a2cfefbe80959eb379603f75aa,2024-07-23 02:55:02,"[{""id"": 40, ""brand"": ""Precision1"", ""quantity"": ""2"", ""size"": 30}]"
53972,kb-12,7996cc6cf9561717b58a284153f08bc9,2024-07-23 03:08:03,"[{""id"": 69, ""brand"": ""TOTAL30"", ""quantity"": ""2"", ""size"": 3}]"
53973,kb-12,e13349a78eb3190a7473a21221f06942,2024-07-23 03:22:03,"[{""id"": 1, ""brand"": ""Dailies Total1"", ""quantity"": ""1"", ""size"": 30}]"
53974,kb-12,445f6c7af89c77bcd869e467d76e893d,2024-07-23 03:48:03,"[{""id"": 1, ""brand"": ""Dailies Total1"", ""quantity"": ""2"", ""size"": 30}]"
53975,kb-12,eaf752161b718580bd1cb2072216a32c,2024-07-23 03:50:03,"[{""id"": 69, ""brand"": ""TOTAL30"", ""quantity"": ""1"", ""size"": 3}]"
53976,kb-12,1986838a0b4286bf2d34b3b2244a40a8,2024-07-23 03:51:03,"[{""id"": 69, ""brand"": ""TOTAL30"", ""quantity"": ""2"", ""size"": 3}]"
53977,kb-12,4a8c1e3d7fada27d4ca85e859bf4fd3d,2024-07-23 03:53:02,"[{""id"": 1, ""brand"": ""Dailies Total1"", ""quantity"": ""1"", ""size"": 30}]"
53978,kb-12,2a38dcf512505ac3a6e374bae1a3a3b6,2024-07-23 03:53:04,"[{""id"": 40, ""brand"": ""Precision1"", ""quantity"": ""1"", ""size"": 30}]"
53979,kb-12,4e67cece5d52c0b448f654f460cce064,2024-07-23 03:53:06,"[{""id"": 1, ""brand"": ""Dailies Total1"", ""quantity"": ""3"", ""size"": 30}]"
53980,kb-12,5ff416013c6f4d7419a75e28e1710b52,2024-07-23 03:53:07,"[{""id"": 1, ""brand"": ""Dailies Total1"", ""quantity"": ""2"", ""size"": 30}]"
53981,kb-12,76b486926a2ee3b1332cdafc19e4288b,2024-07-23 03:53:08,"[{""id"": 1, ""brand"": ""Dailies Total1"", ""quantity"": ""2"", ""size"": 30}]"
53982,kb-12,982b7d0d74e0079e3d3d89efb5ae12c1,2024-07-23 03:53:10,"[{""id"": 1, ""brand"": ""Dailies Total1"", ""quantity"": ""2"", ""size"": 30}]"
53983,kb-12,5ac168d0eb88ebff8e8291dddd7510d1,2024-07-23 03:54:03,"[{""id"": 1, ""brand"": ""Dailies Total1"", ""quantity"": ""2"", ""size"": 30}]"
53984,kb-12,4ab07638fe97026e94531f3f894ea888,2024-07-23 03:54:04,"[{""id"": 1, ""brand"": ""Dailies Total1"", ""quantity"": ""2"", ""size"": 30}]"
53985,kb-12,4e3279b2654b76a5540ad6f9c832e1c0,2024-07-23 03:54:05,"[{""id"": 1, ""brand"": ""Dailies Total1"", ""quantity"": ""2"", ""size"": 30}]"
53986,kb-12,62eb4baecd11c06580eeb468651f50fd,2024-07-23 03:57:02,"[{""id"": 1, ""brand"": ""Dailies Total1"", ""quantity"": ""1"", ""size"": 30}]"
53987,kb-12,7cb6ae645459e89f05bc594a150d87a7,2024-07-23 03:57:03,"[{""id"": 1, ""brand"": ""Dailies Total1"", ""quantity"": ""2"", ""size"": 30}]"
53988,kb-12,f3744a37f4131353a3f7539ad63ac9f2,2024-07-23 03:57:04,"[{""id"": 1, ""brand"": ""Dailies Total1"", ""quantity"": ""2"", ""size"": 30}]"
53989,kb-12,6d15bd28b852d4babb2dc9f0dd3f2331,2024-07-23 03:57:05,"[{""id"": 1, ""brand"": ""Dailies Total1"", ""quantity"": ""2"", ""size"": 30}]"
53990,kb-12,d9ae08d48baeed9b3ea54c9b285c7bc3,2024-07-23 03:57:06,"[{""id"": 1, ""brand"": ""Dailies Total1"", ""quantity"": ""2"", ""size"": 30}]"
53991,kb-12,7acce0d7a2903ec2d9022c60c8d53667,2024-07-23 03:57:07,"[{""id"": 1, ""brand"": ""Dailies Total1"", ""quantity"": ""2"", ""size"": 30}]"
53992,kb-12,9cb2edbd1821d2d0e7150e69c92262bb,2024-07-23 03:59:02,"[{""id"": 1, ""brand"": ""Dailies Total1"", ""quantity"": ""2"", ""size"": 30}]"
53993,kb-12,dcdf73ba01ea199b45f110431624abaf,2024-07-23 03:59:03,"[{""id"": 69, ""brand"": ""TOTAL30"", ""quantity"": ""1"", ""size"": 3}]"
53994,kb-12,3809e99bc55d2fea4a6ad70dd40b9b8c,2024-07-23 04:20:02,"[{""id"": 1, ""brand"": ""Dailies Total1"", ""quantity"": ""3"", ""size"": 30}]"
53995,kb-12,bcf5633720ae01d2db25eba42f73d80b,2024-07-23 04:21:03,"[{""id"": 1, ""brand"": ""Dailies Total1"", ""quantity"": ""3"", ""size"": 30}]"
53996,kb-12,ae171a6a7edc87935126a5903ab9b9d7,2024-07-23 04:37:02,"[{""id"": 1, ""brand"": ""Dailies Total1"", ""quantity"": ""2"", ""size"": 30}]"
53997,kb-12,3e79fb0f819dbe52d57e78954f9efa4f,2024-07-23 04:40:03,"[{""id"": 1, ""brand"": ""Dailies Total1"", ""quantity"": ""2"", ""size"": 30}]"
53998,kb-12,59bfe764f1fcf318b0a37de362b7688a,2024-07-23 04:40:04,"[{""id"": 1, ""brand"": ""Dailies Total1"", ""quantity"": ""2"", ""size"": 30}]"
53999,kb-12,c01e51c96d24a1906c4bb53656c92739,2024-07-23 04:41:02,"[{""id"": 1, ""brand"": ""Dailies Total1"", ""quantity"": ""2"", ""size"": 30}]"
54000,kb-12,9290c188b68e66fbedad457ab7615951,2024-07-23 04:41:04,"[{""id"": 1, ""brand"": ""Dailies Total1"", ""quantity"": ""2"", ""size"": 30}]"
54001,kb-12,d3adf7a63ed8c5c8eb995e30b999a5eb,2024-07-23 04:41:05,"[{""id"": 40, ""brand"": ""Precision1"", ""quantity"": ""1"", ""size"": 30}]"
54002,kb-12,3e0b16a6a1c6ef52111c799c09554c03,2024-07-23 04:51:03,"[{""id"": 40, ""brand"": ""Precision1"", ""quantity"": ""2"", ""size"": 30}]"
54003,kb-12,e1c0d849cf499511f2838a697e7df76d,2024-07-23 04:52:03,"[{""id"": 1, ""brand"": ""Dailies Total1"", ""quantity"": ""1"", ""size"": 30}]"
54004,kb-12,1adb1d5a32bba5459ab2f4cecdc3b252,2024-07-23 04:54:03,"[{""id"": 69, ""brand"": ""TOTAL30"", ""quantity"": ""1"", ""size"": 3}]"
54005,kb-12,a44ab82af8cf80055a97f900a0428c4e,2024-07-23 04:57:02,"[{""id"": 69, ""brand"": ""TOTAL30"", ""quantity"": ""1"", ""size"": 3}]"
54006,,5ff0e7b7d29c4dfe3071cca1ee95e37e,2024-07-23 08:09:04,"[{""id"": ""10"", ""brand"": ""Air Optix Night & Day Aqua"", ""quantity"": ""1"", ""size"": ""3""}]"
54007,,01b5afcbb6063187881ba89a92dd6975,2024-07-23 08:09:07,"[{""id"": ""27"", ""brand"": ""Air Optix plus HydraGlyde for Astigmatism"", ""quantity"": ""1"", ""size"": ""3""}, {""id"": ""27"", ""brand"": ""Air Optix plus HydraGlyde for Astigmatism"", ""quantity"": ""1"", ""size"": ""3""}]"
54008,,1a873ab634357d7d8693a3d7b53770b6,2024-07-23 08:09:10,"[{""id"": ""1"", ""brand"": ""Dailies Total1"", ""quantity"": ""1"", ""size"": ""30""}, {""id"": ""1"", ""brand"": ""Dailies Total1"", ""quantity"": ""1"", ""size"": ""30""}]"
54009,,74cffec1c3c5332feab0dad1c58b741a,2024-07-23 08:09:14,"[{""id"": ""27"", ""brand"": ""Air Optix plus HydraGlyde for Astigmatism"", ""quantity"": ""1"", ""size"": ""3""}, {""id"": ""27"", ""brand"": ""Air Optix plus HydraGlyde for Astigmatism"", ""quantity"": ""1"", ""size"": ""3""}]"
54010,,1110fe211b11df78b818550cc084d3e4,2024-07-23 08:09:16,"[{""id"": ""66"", ""brand"": ""Precision1 for Astigmatism"", ""quantity"": ""1"", ""size"": ""30""}, {""id"": ""66"", ""brand"": ""Precision1 for Astigmatism"", ""quantity"": ""1"", ""size"": ""30""}]"
54011,,2e38fc26a3b8fc7d2574931a49803dcc,2024-07-23 08:09:18,"[{""id"": ""2"", ""brand"": ""Dailies Total1"", ""quantity"": ""1"", ""size"": ""90""}]"
54012,,fe7507f60245a90c398d437a0a5719c6,2024-07-23 08:09:20,"[{""id"": ""12"", ""brand"": ""\u041e\u043f\u0442\u0438-\u0424\u0440\u0438"", ""quantity"": ""1"", ""size"": """"}, {""id"": ""12"", ""brand"": ""\u041e\u043f\u0442\u0438-\u0424\u0440\u0438"", ""quantity"": ""1"", ""size"": """"}, {""id"": ""12"", ""brand"": ""\u041e\u043f\u0442\u0438-\u0424\u0440\u0438"", ""quantity"": ""1"", ""size"": """"}, {""id"": ""12"", ""brand"": ""\u041e\u043f\u0442\u0438-\u0424\u0440\u0438"", ""quantity"": ""1"", ""size"": """"}, {""id"": ""44"", ""brand"": ""\u041e\u043f\u0442\u0438-\u0424\u0440\u0438"", ""quantity"": ""1"", ""size"": ""15""}, {""id"": ""44"", ""brand"": ""\u041e\u043f\u0442\u0438-\u0424\u0440\u0438"", ""quantity"": ""1"", ""size"": ""15""}, {""id"": ""44"", ""brand"": ""\u041e\u043f\u0442\u0438-\u0424\u0440\u0438"", ""quantity"": ""1"", ""size"": ""15""}, {""id"": ""44"", ""brand"": ""\u041e\u043f\u0442\u0438-\u0424\u0440\u0438"", ""quantity"": ""1"", ""size"": ""15""}]"
54013,bcom,c6f0cd57ed8c77dba8fc39119bc199fb,2024-07-23 10:00:01,[]
54014,bcom,9a1c8184ce99bce6d2ba2a4085e15e66,2024-07-23 10:00:01,"[{""id"": 1, ""brand"": ""Dailies Total1"", ""quantity"": 1, ""size"": 30}]"
54015,bcom,4f032c1b3a4cc2ecc8da89a35fd11e33,2024-07-23 10:00:03,"[{""id"": 28, ""brand"": ""Air Optix plus HydraGlyde Multifocal"", ""quantity"": 1, ""size"": 3}]"
54016,bcom,111216638e31faa97220874924f6ca87,2024-07-23 10:00:05,[]
54017,bcom,d83f6d9ba51bf3e319adcded06dac001,2024-07-23 10:00:06,"[{""id"": 40, ""brand"": ""Precision1"", ""quantity"": 1, ""size"": 30}]"
54018,bcom,d0b87d89e1c8b83bac0873469a2abb57,2024-07-23 10:00:07,"[{""id"": 1, ""brand"": ""Dailies Total1"", ""quantity"": 1, ""size"": 30}]"
54019,bcom,ceba8b3cf1b22c1c29bf4ef6791e5ad8,2024-07-23 10:00:09,"[{""id"": 28, ""brand"": ""Air Optix plus HydraGlyde Multifocal"", ""quantity"": 1, ""size"": 3}]"
54020,bcom,f9b47878a8c89b724628aa0aa3ffd482,2024-07-23 10:00:11,"[{""id"": 6, ""brand"": ""Air Optix Aqua"", ""quantity"": 1, ""size"": 6}]"
54021,bcom,77a51ff73189b6fbccd8e1d5cfd15c88,2024-07-23 10:00:13,"[{""id"": 6, ""brand"": ""Air Optix Aqua"", ""quantity"": 1, ""size"": 6}]"
54022,bcom,300b67fae396ffc08b4090c5d225c475,2024-07-23 10:00:15,"[{""id"": 1, ""brand"": ""Dailies Total1"", ""quantity"": 1, ""size"": 30}]"
54023,bcom,27579d54a8df594c5160954736a61ef6,2024-07-23 10:00:17,"[{""id"": 40, ""brand"": ""Precision1"", ""quantity"": 1, ""size"": 30}]"
54024,bcom,50a73950bb9ebcf6d078d0316b3d5b60,2024-07-23 10:00:20,"[{""id"": 28, ""brand"": ""Air Optix plus HydraGlyde Multifocal"", ""quantity"": 1, ""size"": 3}]"
54025,bcom,febb5a8de7d52562b1a7840d891c1a6d,2024-07-23 10:00:21,[]
54026,bcom,5ce0e0745193d4de2d1608ddcf50fe87,2024-07-23 10:00:24,[]
54027,bcom,6181ab8cc7b8dfdcf0e8d47d68c78284,2024-07-23 10:00:26,"[{""id"": 28, ""brand"": ""Air Optix plus HydraGlyde Multifocal"", ""quantity"": 1, ""size"": 3}]"
54028,bcom,14acad3c00c5a495798b8736dacdcd31,2024-07-23 10:00:28,"[{""id"": 28, ""brand"": ""Air Optix plus HydraGlyde Multifocal"", ""quantity"": 1, ""size"": 3}]"
54029,bcom,9776f2aac31c8d8bbb2e4406bf231a95,2024-07-23 10:00:33,"[{""id"": 40, ""brand"": ""Precision1"", ""quantity"": 1, ""size"": 30}]"
54030,bcom,0756d1091df6470c65cc60ca3af46416,2024-07-23 10:00:35,"[{""id"": 1, ""brand"": ""Dailies Total1"", ""quantity"": 1, ""size"": 30}]"
54031,bcom,e4b401254a6a92638e91b25e2a23b025,2024-07-23 10:00:37,"[{""id"": 40, ""brand"": ""Precision1"", ""quantity"": 1, ""size"": 30}, {""id"": 40, ""brand"": ""Precision1"", ""quantity"": 1, ""size"": 30}]"
54032,bcom,c660459be4a453a4b51e5fa2571511a8,2024-07-23 10:00:39,"[{""id"": 40, ""brand"": ""Precision1"", ""quantity"": 1, ""size"": 30}, {""id"": 40, ""brand"": ""Precision1"", ""quantity"": 1, ""size"": 30}]"
54033,bcom,aeddfe7ec1efe1d2e31cabe82ff95c23,2024-07-23 10:00:42,"[{""id"": 40, ""brand"": ""Precision1"", ""quantity"": 1, ""size"": 30}]"
54034,bcom,2a66747953f2fb88540874e785908523,2024-07-23 10:00:44,"[{""id"": 40, ""brand"": ""Precision1"", ""quantity"": 1, ""size"": 30}]"
54035,bcom,a7cb1533c9a96418a4152b95bab76216,2024-07-23 10:00:48,"[{""id"": 67, ""brand"": ""\u0422\u043e\u0432\u0430\u0440 Alcon"", ""quantity"": 1, ""size"": 0}]"
54036,bcom,c483f1235828533f233466b5066ffd77,2024-07-23 10:00:50,"[{""id"": 67, ""brand"": ""\u0422\u043e\u0432\u0430\u0440 Alcon"", ""quantity"": 1, ""size"": 0}]"
54037,bcom,37d6bb923ea4ddb862040ab722d91529,2024-07-23 10:00:52,"[{""id"": 40, ""brand"": ""Precision1"", ""quantity"": 1, ""size"": 30}, {""id"": 40, ""brand"": ""Precision1"", ""quantity"": 1, ""size"": 30}]"
54038,bcom,4779ce417986e66bfe96ae57f69d9e8e,2024-07-23 10:00:55,"[{""id"": 1, ""brand"": ""Dailies Total1"", ""quantity"": 1, ""size"": 30}]"
54039,bcom,f08245efad9490948d24b73b59c3b411,2024-07-23 10:00:58,"[{""id"": 40, ""brand"": ""Precision1"", ""quantity"": 1, ""size"": 30}, {""id"": 40, ""brand"": ""Precision1"", ""quantity"": 1, ""size"": 30}]"
54040,bcom,63e5b9c67fd6b25f612e50435f5c8bcb,2024-07-23 10:01:00,"[{""id"": 40, ""brand"": ""Precision1"", ""quantity"": 1, ""size"": 30}]"
54041,bcom,a0da24ab8e49c92da3ee14e3d95e318d,2024-07-23 10:01:02,"[{""id"": 28, ""brand"": ""Air Optix plus HydraGlyde Multifocal"", ""quantity"": 1, ""size"": 3}, {""id"": 28, ""brand"": ""Air Optix plus HydraGlyde Multifocal"", ""quantity"": 1, ""size"": 3}]"
54042,bcom,796f07e0d1c1d1256a70588d715e7959,2024-07-23 10:01:05,[]
54043,bcom,4ef065fdc6a8bc202e8a042e45ef7ae1,2024-07-23 10:01:06,"[{""id"": 40, ""brand"": ""Precision1"", ""quantity"": 1, ""size"": 30}, {""id"": 40, ""brand"": ""Precision1"", ""quantity"": 1, ""size"": 30}]"
54044,bcom,95f19494fe632fce7f3598e69cbfafe5,2024-07-23 10:01:07,"[{""id"": 40, ""brand"": ""Precision1"", ""quantity"": 1, ""size"": 30}, {""id"": 40, ""brand"": ""Precision1"", ""quantity"": 1, ""size"": 30}]"
54045,bcom,fa925584c9857db1f5ab036bfc48feb3,2024-07-23 10:01:14,"[{""id"": 9, ""brand"": ""Air Optix Colors"", ""quantity"": 1, ""size"": 2}, {""id"": 9, ""brand"": ""Air Optix Colors"", ""quantity"": 1, ""size"": 2}, {""id"": 9, ""brand"": ""Air Optix Colors"", ""quantity"": 1, ""size"": 2}, {""id"": 9, ""brand"": ""Air Optix Colors"", ""quantity"": 1, ""size"": 2}]"
54046,bcom,c6b5d827aaa310372abcad07056f9527,2024-07-23 10:01:17,"[{""id"": 1, ""brand"": ""Dailies Total1"", ""quantity"": 1, ""size"": 30}]"
54047,bcom,81454f4834f74b4775ac6e545d7a586d,2024-07-23 10:01:19,"[{""id"": 53, ""brand"": ""\u0421\u0438\u0441\u0442\u0435\u0439\u043d \u0411\u0430\u043b\u0430\u043d\u0441"", ""quantity"": 1, ""size"": 10}]"
54048,bcom,205c69f657a2ca43cf2fa8c8859206c6,2024-07-23 10:01:29,"[{""id"": 40, ""brand"": ""Precision1"", ""quantity"": 1, ""size"": 30}]"
54049,bcom,b1c4e771815cf33097656fd058d48872,2024-07-23 10:01:32,"[{""id"": 1, ""brand"": ""Dailies Total1"", ""quantity"": 1, ""size"": 30}]"
54050,bcom,acab8dd12cf054895e85b42d9a61a1ad,2024-07-23 10:01:34,"[{""id"": 28, ""brand"": ""Air Optix plus HydraGlyde Multifocal"", ""quantity"": 1, ""size"": 3}]"
54051,bcom,33185e900d14527d6ecf7fbb1225dd18,2024-07-23 10:01:36,"[{""id"": 40, ""brand"": ""Precision1"", ""quantity"": 1, ""size"": 30}]"
54052,,18c3a6557c241f600053927765ef6798,2024-07-23 12:07:25,"[{""id"": ""30"", ""brand"": ""DAILIES AquaComfort Plus"", ""quantity"": ""1"", ""size"": ""90""}]"
54053,kb-12,17c96cfb3cf942d85a54f87eb832e342,2024-07-23 12:16:03,"[{""id"": 1, ""brand"": ""Dailies Total1"", ""quantity"": ""1"", ""size"": 30}]"
54054,kb-12,0c2a165e12276b78bbe1b49ca6898f2c,2024-07-23 12:19:02,"[{""id"": 1, ""brand"": ""Dailies Total1"", ""quantity"": ""1"", ""size"": 30}]"
54055,kb-12,a3a1d89199f5c8fc84b753a0e47b9256,2024-07-23 12:30:03,"[{""id"": 70, ""brand"": ""TOTAL30 for Astigmatism"", ""quantity"": ""1"", ""size"": 3}]"
54056,kb-12,7c8b01b78e23064649635554559c3ead,2024-07-23 12:30:05,"[{""id"": 70, ""brand"": ""TOTAL30 for Astigmatism"", ""quantity"": ""1"", ""size"": 3}]"
54057,kb-12,102e83265fadbd437d2e34c06b0b5fc5,2024-07-23 12:33:03,"[{""id"": 2, ""brand"": ""Dailies Total1"", ""quantity"": ""2"", ""size"": 90}]"
54058,kb-12,17b309166460c1ee90d03422ead77338,2024-07-23 12:36:03,"[{""id"": 40, ""brand"": ""Precision1"", ""quantity"": ""1"", ""size"": 30}]"
54059,kb-12,f1830d8b106be0719e5413dd15b02ce0,2024-07-23 12:39:05,"[{""id"": 1, ""brand"": ""Dailies Total1"", ""quantity"": ""1"", ""size"": 30}]"
54060,kb-12,97054f44632133b4a940604d8bfdb95b,2024-07-23 13:12:07,"[{""id"": 69, ""brand"": ""TOTAL30"", ""quantity"": ""1"", ""size"": 3}]"
54061,kb-12,33400551628f7bcbfff123195047b703,2024-07-23 13:14:02,"[{""id"": 69, ""brand"": ""TOTAL30"", ""quantity"": ""1"", ""size"": 3}]"
54062,kb-12,92e752720f825254c9e279cb8e1292d9,2024-07-23 13:33:04,"[{""id"": 66, ""brand"": ""Precision1 for Astigmatism"", ""quantity"": ""2"", ""size"": 30}]"
54063,,185e10d699b3e8c003a8e727b4ed55ac,2024-07-23 16:07:55,"[{""id"": ""9"", ""brand"": ""Air Optix Colors"", ""quantity"": ""1"", ""size"": ""2""}]"
54064,,48e60709fa21505351f562d2e5adf939,2024-07-23 16:21:36,"[{""id"": ""10"", ""brand"": ""Air Optix Night & Day Aqua"", ""quantity"": ""2"", ""size"": ""3""}]"
54065,kb-12,eb30a7a647c165cffe913e01224f1d9f,2024-07-23 18:35:04,"[{""id"": 40, ""brand"": ""Precision1"", ""quantity"": ""1"", ""size"": 30}]"
54066,kb-12,451e86eef2ec5c393a88b0e150f19bcc,2024-07-23 18:37:03,"[{""id"": 66, ""brand"": ""Precision1 for Astigmatism"", ""quantity"": ""2"", ""size"": 30}]"
54067,kb-12,5b04df73c95ebd64a1976142144edd98,2024-07-23 19:04:04,"[{""id"": 66, ""brand"": ""Precision1 for Astigmatism"", ""quantity"": ""2"", ""size"": 30}]"
54068,kb-12,1af47fc54f0ff1ad1724fe9cc47901c6,2024-07-23 19:19:15,"[{""id"": 2, ""brand"": ""Dailies Total1"", ""quantity"": ""1"", ""size"": 90}]"
54069,kb-12,109f83cde0e79f99f10e0ab8a82e2316,2024-07-23 19:19:19,"[{""id"": 1, ""brand"": ""Dailies Total1"", ""quantity"": ""2"", ""size"": 30}]"
54070,kb-12,708b192abb7358ab370606a342886612,2024-07-23 19:19:20,"[{""id"": 69, ""brand"": ""TOTAL30"", ""quantity"": ""1"", ""size"": 3}]"
54071,kb-12,4ae19fcfc6518541d68be96eb5905dbc,2024-07-23 19:20:03,"[{""id"": 1, ""brand"": ""Dailies Total1"", ""quantity"": ""1"", ""size"": 30}]"
54072,kb-12,fa8e1fc9d31d5d268c1103e42af6222a,2024-07-23 19:42:21,"[{""id"": 1, ""brand"": ""Dailies Total1"", ""quantity"": ""1"", ""size"": 30}]"
54073,kb-12,643489d1afd48a921d1998434b55de3d,2024-07-23 19:42:24,"[{""id"": 1, ""brand"": ""Dailies Total1"", ""quantity"": ""1"", ""size"": 30}]"
54074,kb-12,a508a5e8ff40fbebb9ffe2b831fac423,2024-07-23 19:42:28,"[{""id"": 1, ""brand"": ""Dailies Total1"", ""quantity"": ""1"", ""size"": 30}]"
54075,kb-12,4e2e4c7ab40832b9d09cb505ee46afd0,2024-07-23 19:42:32,"[{""id"": 1, ""brand"": ""Dailies Total1"", ""quantity"": ""1"", ""size"": 30}]"
54076,kb-12,f7eeb26b3e9ca1ec7c7e9f7c285892cf,2024-07-24 01:05:23,"[{""id"": 40, ""brand"": ""Precision1"", ""quantity"": ""1"", ""size"": 30}]"
54077,,2d52b7c935c1ea7059c8cad7a3b9a438,2024-07-24 08:09:03,"[{""id"": ""66"", ""brand"": ""Precision1 for Astigmatism"", ""quantity"": ""1"", ""size"": ""30""}, {""id"": ""66"", ""brand"": ""Precision1 for Astigmatism"", ""quantity"": ""1"", ""size"": ""30""}]"
54078,,86b310ea51b50858b96f640f6c5b4eca,2024-07-24 08:09:07,"[{""id"": ""8"", ""brand"": ""Air Optix plus HydraGlyde"", ""quantity"": ""1"", ""size"": ""6""}]"
54079,bcom,58599ba5516c5a49735b6cbf2e184639,2024-07-24 10:00:04,"[{""id"": 67, ""brand"": ""\u0422\u043e\u0432\u0430\u0440 Alcon"", ""quantity"": 1, ""size"": 0}, {""id"": 67, ""brand"": ""\u0422\u043e\u0432\u0430\u0440 Alcon"", ""quantity"": 1, ""size"": 0}]"
54080,bcom,83e009ffa852b2001f6017ce642a713a,2024-07-24 10:00:06,"[{""id"": 40, ""brand"": ""Precision1"", ""quantity"": 1, ""size"": 30}]"
54081,bcom,8f7f1e08a9a2647d9acbea1a70db2e57,2024-07-24 10:00:14,"[{""id"": 28, ""brand"": ""Air Optix plus HydraGlyde Multifocal"", ""quantity"": 1, ""size"": 3}, {""id"": 28, ""brand"": ""Air Optix plus HydraGlyde Multifocal"", ""quantity"": 1, ""size"": 3}]"
54082,bcom,912b50f86723eb4750652aa5907951d4,2024-07-24 10:00:16,"[{""id"": 4, ""brand"": ""Dailies Total1 \u041c\u0443\u043b\u044c\u0442\u0438\u0444\u043e\u043a\u0430\u043b\u044c\u043d\u044b\u0435"", ""quantity"": 1, ""size"": 30}]"
54083,bcom,7585cf3ca3d081e201d9e6e649ed180b,2024-07-24 10:00:20,"[{""id"": 1, ""brand"": ""Dailies Total1"", ""quantity"": 1, ""size"": 30}, {""id"": 1, ""brand"": ""Dailies Total1"", ""quantity"": 1, ""size"": 30}]"
54084,bcom,f1ad0032a719ba166f157ad7b983b85e,2024-07-24 10:00:24,"[{""id"": 67, ""brand"": ""\u0422\u043e\u0432\u0430\u0440 Alcon"", ""quantity"": 1, ""size"": 0}, {""id"": 67, ""brand"": ""\u0422\u043e\u0432\u0430\u0440 Alcon"", ""quantity"": 1, ""size"": 0}]"
54085,bcom,b6331c28dfe5d06890bdadd05dde50d7,2024-07-24 10:00:27,"[{""id"": 67, ""brand"": ""\u0422\u043e\u0432\u0430\u0440 Alcon"", ""quantity"": 1, ""size"": 0}, {""id"": 67, ""brand"": ""\u0422\u043e\u0432\u0430\u0440 Alcon"", ""quantity"": 1, ""size"": 0}]"
54086,bcom,89d617097fa4e7afde68610ac5da4d02,2024-07-24 10:00:29,"[{""id"": 28, ""brand"": ""Air Optix plus HydraGlyde Multifocal"", ""quantity"": 1, ""size"": 3}]"
54087,bcom,1aec19848678dde8cf688da2c9a5837d,2024-07-24 10:00:33,"[{""id"": 1, ""brand"": ""Dailies Total1"", ""quantity"": 1, ""size"": 30}]"
54088,bcom,2b97afeae18180247def183d4167eb69,2024-07-24 10:00:35,"[{""id"": 40, ""brand"": ""Precision1"", ""quantity"": 1, ""size"": 30}]"
54089,bcom,c3dfae02923d7d8b65e1df0b77f2bd30,2024-07-24 10:00:37,"[{""id"": 1, ""brand"": ""Dailies Total1"", ""quantity"": 1, ""size"": 30}, {""id"": 1, ""brand"": ""Dailies Total1"", ""quantity"": 1, ""size"": 30}]"
54090,bcom,315f4b983ffdabebd44349c2ea068a51,2024-07-24 10:00:39,"[{""id"": 44, ""brand"": ""\u041e\u043f\u0442\u0438-\u0424\u0440\u0438"", ""quantity"": 1, ""size"": 15}]"
54091,bcom,a8b7e955e254ff9d244991fe6e7934e4,2024-07-24 10:00:41,"[{""id"": 40, ""brand"": ""Precision1"", ""quantity"": 1, ""size"": 30}]"
54092,bcom,b202f480657dbc45de6b7cfd9cf81411,2024-07-24 10:00:43,"[{""id"": 44, ""brand"": ""\u041e\u043f\u0442\u0438-\u0424\u0440\u0438"", ""quantity"": 1, ""size"": 15}]"
54093,bcom,ccf8cad14d848cc2db6575dd4b0e7635,2024-07-24 10:00:45,"[{""id"": 67, ""brand"": ""\u0422\u043e\u0432\u0430\u0440 Alcon"", ""quantity"": 1, ""size"": 0}]"
54094,bcom,1e9b7ce49457970023200fc6b21a04cc,2024-07-24 10:00:47,"[{""id"": 67, ""brand"": ""\u0422\u043e\u0432\u0430\u0440 Alcon"", ""quantity"": 1, ""size"": 0}, {""id"": 67, ""brand"": ""\u0422\u043e\u0432\u0430\u0440 Alcon"", ""quantity"": 1, ""size"": 0}]"
54095,bcom,f801ca33c8efc11a305f6c7e5e38a415,2024-07-24 10:00:50,"[{""id"": 1, ""brand"": ""Dailies Total1"", ""quantity"": 1, ""size"": 30}]"
54096,bcom,0bed59cf5924a35fd9293938e16d9c95,2024-07-24 10:00:53,"[{""id"": 1, ""brand"": ""Dailies Total1"", ""quantity"": 1, ""size"": 30}]"
54097,bcom,43f73171248b1938c9c631b4c3d0b5e3,2024-07-24 10:00:54,"[{""id"": 40, ""brand"": ""Precision1"", ""quantity"": 1, ""size"": 30}, {""id"": 40, ""brand"": ""Precision1"", ""quantity"": 1, ""size"": 30}]"
54098,bcom,382b3fa22dd82dd70da921c14c64c086,2024-07-24 10:00:57,"[{""id"": 40, ""brand"": ""Precision1"", ""quantity"": 1, ""size"": 30}]"
54099,bcom,5fd6a2c28e457244f7a9711baeb5fcd0,2024-07-24 10:00:59,"[{""id"": 44, ""brand"": ""\u041e\u043f\u0442\u0438-\u0424\u0440\u0438"", ""quantity"": 1, ""size"": 15}]"
54100,bcom,73416fc6bb2bf89bbd9e6e6b1ae4f311,2024-07-24 10:01:03,"[{""id"": 67, ""brand"": ""\u0422\u043e\u0432\u0430\u0440 Alcon"", ""quantity"": 1, ""size"": 0}, {""id"": 67, ""brand"": ""\u0422\u043e\u0432\u0430\u0440 Alcon"", ""quantity"": 1, ""size"": 0}]"
54101,bcom,239e013906021e22b7df03dd79ae490e,2024-07-24 10:01:10,"[{""id"": 1, ""brand"": ""Dailies Total1"", ""quantity"": 1, ""size"": 30}]"
54102,bcom,16dddf08a339b6e748e521e8fc0b9747,2024-07-24 10:01:12,"[{""id"": 67, ""brand"": ""\u0422\u043e\u0432\u0430\u0440 Alcon"", ""quantity"": 1, ""size"": 0}]"
54103,bcom,b8f35bdf8b81c04d24c8ace5be5e8049,2024-07-24 10:01:14,"[{""id"": 67, ""brand"": ""\u0422\u043e\u0432\u0430\u0440 Alcon"", ""quantity"": 1, ""size"": 0}]"
54104,bcom,fb706f6051745a62a4dd9fd2f7064bf0,2024-07-24 10:01:16,"[{""id"": 67, ""brand"": ""\u0422\u043e\u0432\u0430\u0440 Alcon"", ""quantity"": 1, ""size"": 0}]"
54105,bcom,7334f2ca59da17c3aa416fa07f3ef9b8,2024-07-24 10:01:18,[]
54106,bcom,7e48d25e3bab92e7c872629bbeab193a,2024-07-24 10:01:18,"[{""id"": 67, ""brand"": ""\u0422\u043e\u0432\u0430\u0440 Alcon"", ""quantity"": 1, ""size"": 0}]"
54107,bcom,fa06b098374ef31476747db05a44e0ae,2024-07-24 10:01:20,"[{""id"": 67, ""brand"": ""\u0422\u043e\u0432\u0430\u0440 Alcon"", ""quantity"": 1, ""size"": 0}]"
54108,bcom,48e4ca65b1459c914a423bb66bc8549f,2024-07-24 10:01:22,"[{""id"": 67, ""brand"": ""\u0422\u043e\u0432\u0430\u0440 Alcon"", ""quantity"": 1, ""size"": 0}]"
54109,bcom,79854694440a22a822a8e96107e38231,2024-07-24 10:01:23,"[{""id"": 67, ""brand"": ""\u0422\u043e\u0432\u0430\u0440 Alcon"", ""quantity"": 1, ""size"": 0}]"
54110,bcom,eae795d146d6f0b36cca26dbcde477f1,2024-07-24 10:01:25,[]
54111,bcom,5aac5dba1e12150fdd14794b17b18800,2024-07-24 10:01:26,"[{""id"": 67, ""brand"": ""\u0422\u043e\u0432\u0430\u0440 Alcon"", ""quantity"": 1, ""size"": 0}]"
54112,bcom,f6f2caea0468263008c7e6273e084bb8,2024-07-24 10:01:28,"[{""id"": 67, ""brand"": ""\u0422\u043e\u0432\u0430\u0440 Alcon"", ""quantity"": 1, ""size"": 0}]"
54113,bcom,34407fb31bd77294bfbb5090d6788e09,2024-07-24 10:01:30,[]
54114,bcom,02ba14f3d6d746d72fe8975e4900f7c8,2024-07-24 10:01:33,"[{""id"": 67, ""brand"": ""\u0422\u043e\u0432\u0430\u0440 Alcon"", ""quantity"": 1, ""size"": 0}]"
54115,bcom,70875d9ec1de51f6394acef5f3014583,2024-07-24 10:01:35,"[{""id"": 40, ""brand"": ""Precision1"", ""quantity"": 1, ""size"": 30}]"
54116,bcom,b5ba17369b732b747c53bf83403c75de,2024-07-24 10:01:37,"[{""id"": 28, ""brand"": ""Air Optix plus HydraGlyde Multifocal"", ""quantity"": 1, ""size"": 3}]"
54117,bcom,0a828deafdb8f14d311b533958bc422b,2024-07-24 10:01:39,"[{""id"": 1, ""brand"": ""Dailies Total1"", ""quantity"": 1, ""size"": 30}]"
54118,bcom,bb442bad2a885cd788b8700cdc1cad70,2024-07-24 10:01:42,"[{""id"": 1, ""brand"": ""Dailies Total1"", ""quantity"": 1, ""size"": 30}]"
54119,,a38145276c92f885e018d1d425b5dbdd,2024-07-24 11:18:58,"[{""id"": ""28"", ""brand"": ""Air Optix plus HydraGlyde Multifocal"", ""quantity"": ""1"", ""size"": ""3""}]"
54120,bcom,b7116e86a67f6c9ed09408454e8c5e6b,2024-07-24 16:55:07,"[{""id"": 40, ""brand"": ""Precision1"", ""quantity"": 1, ""size"": 30}, {""id"": 40, ""brand"": ""Precision1"", ""quantity"": 1, ""size"": 30}]"
54121,,9197fde8b5296198d01d06412bb4b097,2024-07-24 18:44:19,"[{""id"": ""4"", ""brand"": ""Dailies Total1 \u041c\u0443\u043b\u044c\u0442\u0438\u0444\u043e\u043a\u0430\u043b\u044c\u043d\u044b\u0435"", ""quantity"": ""1"", ""size"": ""30""}, {""id"": ""4"", ""brand"": ""Dailies Total1 \u041c\u0443\u043b\u044c\u0442\u0438\u0444\u043e\u043a\u0430\u043b\u044c\u043d\u044b\u0435"", ""quantity"": ""1"", ""size"": ""30""}]"
54122,kb-12,9dbb4cc14dc67f15d589fa56a53a61ab,2024-07-25 01:05:12,"[{""id"": 1, ""brand"": ""Dailies Total1"", ""quantity"": ""2"", ""size"": 30}]"
54123,kb-12,80ec73d50dcf0b6f5ae37654f57db164,2024-07-25 01:05:13,"[{""id"": 4, ""brand"": ""Dailies Total1 \u041c\u0443\u043b\u044c\u0442\u0438\u0444\u043e\u043a\u0430\u043b\u044c\u043d\u044b\u0435"", ""quantity"": ""1"", ""size"": 30}]"
54124,kb-12,5c848803be6a3202646f71580678200f,2024-07-25 01:05:15,"[{""id"": 66, ""brand"": ""Precision1 for Astigmatism"", ""quantity"": ""4"", ""size"": 30}]"
54125,kb-12,35ae13e69d74daf7208373eacab3f428,2024-07-25 01:05:18,"[{""id"": 40, ""brand"": ""Precision1"", ""quantity"": ""1"", ""size"": 30}]"
54126,kb-12,abf8e960fb11bbde1f8c4658622e3c51,2024-07-25 01:05:21,"[{""id"": 70, ""brand"": ""TOTAL30 for Astigmatism"", ""quantity"": ""1"", ""size"": 3}]"
54127,kb-12,824dca94ca8b960cfc591513b72aec29,2024-07-25 01:05:24,"[{""id"": 40, ""brand"": ""Precision1"", ""quantity"": ""2"", ""size"": 30}]"
54128,kb-12,f9bfd0a6552ac59f5c3f475fc79c31e2,2024-07-25 01:05:26,"[{""id"": 69, ""brand"": ""TOTAL30"", ""quantity"": ""1"", ""size"": 3}]"
54129,kb-12,bda7bd78fd1566895ff55075aa78d610,2024-07-25 01:05:29,"[{""id"": 40, ""brand"": ""Precision1"", ""quantity"": ""1"", ""size"": 30}]"
54130,kb-12,b1205c30539abd328a2a8521f7b68277,2024-07-25 01:05:31,"[{""id"": 1, ""brand"": ""Dailies Total1"", ""quantity"": ""2"", ""size"": 30}]"
54131,kb-12,88741dcca3a519fa2180dd94aae62566,2024-07-25 01:05:33,"[{""id"": 40, ""brand"": ""Precision1"", ""quantity"": ""1"", ""size"": 30}]"
54132,kb-12,fd27d59e9474ecc27e1123bab5772b37,2024-07-25 01:05:35,"[{""id"": 1, ""brand"": ""Dailies Total1"", ""quantity"": ""2"", ""size"": 30}]"
54133,kb-12,e02bc52381f4b35ea5e47cfc041a3476,2024-07-25 01:05:36,"[{""id"": 1, ""brand"": ""Dailies Total1"", ""quantity"": ""2"", ""size"": 30}]"
54134,kb-12,45da5b1500dc4af2fa0048deb9b841b6,2024-07-25 01:05:37,"[{""id"": 1, ""brand"": ""Dailies Total1"", ""quantity"": ""2"", ""size"": 30}]"
54187,kb-12,cd6b69c3efa313255e7841b68926e1a6,2024-07-25 05:12:50,"[{""id"": 40, ""brand"": ""Precision1"", ""quantity"": ""1"", ""size"": 30}]"
54135,kb-12,c64b1ee1dddf7501660d2749d603cc14,2024-07-25 01:05:38,"[{""id"": 4, ""brand"": ""Dailies Total1 \u041c\u0443\u043b\u044c\u0442\u0438\u0444\u043e\u043a\u0430\u043b\u044c\u043d\u044b\u0435"", ""quantity"": ""2"", ""size"": 30}]"
54136,kb-12,2103ba4e341a8a1e1592759f5f87634d,2024-07-25 01:11:03,"[{""id"": 40, ""brand"": ""Precision1"", ""quantity"": ""1"", ""size"": 30}]"
54137,kb-12,db5b97b52ed02e3919633f996b83b870,2024-07-25 01:11:05,"[{""id"": 1, ""brand"": ""Dailies Total1"", ""quantity"": ""1"", ""size"": 30}]"
54138,kb-12,18cca270c117197104884fafcdeed19d,2024-07-25 01:11:08,"[{""id"": 1, ""brand"": ""Dailies Total1"", ""quantity"": ""1"", ""size"": 30}]"
54139,kb-12,754b58c95005f293692413c1535d981e,2024-07-25 01:11:10,"[{""id"": 1, ""brand"": ""Dailies Total1"", ""quantity"": ""1"", ""size"": 30}]"
54140,kb-12,fe99598a53364ceacb7d09e75c44dba9,2024-07-25 01:11:12,"[{""id"": 69, ""brand"": ""TOTAL30"", ""quantity"": ""1"", ""size"": 3}]"
54141,kb-12,9065729571808412b01879cb4a12bd5d,2024-07-25 01:11:14,"[{""id"": 40, ""brand"": ""Precision1"", ""quantity"": ""1"", ""size"": 30}]"
54142,kb-12,9be5478f5436a851ff9c3fcb43789e73,2024-07-25 01:11:16,"[{""id"": 40, ""brand"": ""Precision1"", ""quantity"": ""1"", ""size"": 30}]"
54143,kb-12,1407a60dbe9bb7a650f4357f91fde5f4,2024-07-25 01:11:18,"[{""id"": 1, ""brand"": ""Dailies Total1"", ""quantity"": ""2"", ""size"": 30}]"
54144,kb-12,1679f3fe0ab88988e22ae6232684439f,2024-07-25 01:11:20,"[{""id"": 1, ""brand"": ""Dailies Total1"", ""quantity"": ""2"", ""size"": 30}]"
54145,kb-12,6557f45864c9283c4852e429dd3001cd,2024-07-25 01:11:23,"[{""id"": 1, ""brand"": ""Dailies Total1"", ""quantity"": ""2"", ""size"": 30}]"
54146,kb-12,591027b7ad81f5acd36048e35f9c7d2f,2024-07-25 01:11:25,"[{""id"": 1, ""brand"": ""Dailies Total1"", ""quantity"": ""2"", ""size"": 30}]"
54147,kb-12,4e7367972b59190cb19e975bd793e8af,2024-07-25 01:11:27,"[{""id"": 69, ""brand"": ""TOTAL30"", ""quantity"": ""1"", ""size"": 3}]"
54148,kb-12,d07d637ea93e90fa3f4fe0724b88cf5e,2024-07-25 01:11:30,"[{""id"": 1, ""brand"": ""Dailies Total1"", ""quantity"": ""2"", ""size"": 30}]"
54149,kb-12,f2b4d0229c4043dcbdac7712ed5b7741,2024-07-25 01:11:32,"[{""id"": 1, ""brand"": ""Dailies Total1"", ""quantity"": ""1"", ""size"": 30}]"
54150,kb-12,78e477a43293fc9915dc9a616fd066dc,2024-07-25 01:11:34,"[{""id"": 69, ""brand"": ""TOTAL30"", ""quantity"": ""1"", ""size"": 3}]"
54151,kb-12,2e372471b7ffb960ead6974fdbbc3c95,2024-07-25 01:11:36,"[{""id"": 69, ""brand"": ""TOTAL30"", ""quantity"": ""1"", ""size"": 3}]"
54152,kb-12,759e066cdb6e0268858fc90c300f649a,2024-07-25 03:16:02,"[{""id"": 1, ""brand"": ""Dailies Total1"", ""quantity"": ""2"", ""size"": 30}]"
54153,kb-12,42d5472add7bc9f93245ab4222e89a1d,2024-07-25 04:31:02,"[{""id"": 1, ""brand"": ""Dailies Total1"", ""quantity"": ""2"", ""size"": 30}]"
54154,kb-12,33970489ab1123c84fc8b99b81aa4320,2024-07-25 05:12:03,"[{""id"": 40, ""brand"": ""Precision1"", ""quantity"": ""2"", ""size"": 30}]"
54155,kb-12,184b9ba11ccd6f83d2df5f92f731d1bb,2024-07-25 05:12:06,"[{""id"": 40, ""brand"": ""Precision1"", ""quantity"": ""2"", ""size"": 30}]"
54156,kb-12,82efc0c0118c4880a7546de21cfea56d,2024-07-25 05:12:08,"[{""id"": 1, ""brand"": ""Dailies Total1"", ""quantity"": ""2"", ""size"": 30}]"
54157,kb-12,38977684c7ee139e2d17021433098032,2024-07-25 05:12:09,"[{""id"": 1, ""brand"": ""Dailies Total1"", ""quantity"": ""2"", ""size"": 30}]"
54158,kb-12,5516a29eb2226c24b2388b03c800ac11,2024-07-25 05:12:10,"[{""id"": 1, ""brand"": ""Dailies Total1"", ""quantity"": ""2"", ""size"": 30}]"
54159,kb-12,184a383730a213a9357b9d2dc763b156,2024-07-25 05:12:11,"[{""id"": 1, ""brand"": ""Dailies Total1"", ""quantity"": ""2"", ""size"": 30}]"
54160,kb-12,5e67c1bd8dc2f394153562c11c37315a,2024-07-25 05:12:12,"[{""id"": 2, ""brand"": ""Dailies Total1"", ""quantity"": ""1"", ""size"": 90}]"
54161,kb-12,38861846d22377f9ecbfed2270b18964,2024-07-25 05:12:13,"[{""id"": 1, ""brand"": ""Dailies Total1"", ""quantity"": ""1"", ""size"": 30}]"
54162,kb-12,a1233d439a6bf6e6dbd8878abca13a2a,2024-07-25 05:12:14,"[{""id"": 1, ""brand"": ""Dailies Total1"", ""quantity"": ""1"", ""size"": 30}]"
54163,kb-12,2c03347006e4edcacf12d709153fcad8,2024-07-25 05:12:15,"[{""id"": 1, ""brand"": ""Dailies Total1"", ""quantity"": ""1"", ""size"": 30}]"
54164,kb-12,6e631b32b7bd234d83fa7d93fcd49726,2024-07-25 05:12:17,"[{""id"": 69, ""brand"": ""TOTAL30"", ""quantity"": ""2"", ""size"": 3}]"
54165,kb-12,93798b696d84fa0e0c968825d9b9293a,2024-07-25 05:12:19,"[{""id"": 1, ""brand"": ""Dailies Total1"", ""quantity"": ""2"", ""size"": 30}]"
54166,kb-12,ffc46b8b300f0417da6e87056ebed235,2024-07-25 05:12:21,"[{""id"": 1, ""brand"": ""Dailies Total1"", ""quantity"": ""2"", ""size"": 30}]"
54167,kb-12,25729268a9bd5cff890ddc5d4f5ee9a6,2024-07-25 05:12:22,"[{""id"": 1, ""brand"": ""Dailies Total1"", ""quantity"": ""2"", ""size"": 30}]"
54168,kb-12,3afba4d563bd60d7d2354c815d8f114c,2024-07-25 05:12:23,"[{""id"": 1, ""brand"": ""Dailies Total1"", ""quantity"": ""2"", ""size"": 30}]"
54169,kb-12,c35e313714f5fd9db10ab99632aa179d,2024-07-25 05:12:24,"[{""id"": 1, ""brand"": ""Dailies Total1"", ""quantity"": ""1"", ""size"": 30}]"
54170,kb-12,ea92559898a487cd4d6c4e4e4afb1dd0,2024-07-25 05:12:26,"[{""id"": 40, ""brand"": ""Precision1"", ""quantity"": ""2"", ""size"": 30}]"
54171,kb-12,feca1d0e91a722269de53d58c3768a33,2024-07-25 05:12:28,"[{""id"": 1, ""brand"": ""Dailies Total1"", ""quantity"": ""2"", ""size"": 30}]"
54172,kb-12,add884187c850bd46c8153e97e1dbfd2,2024-07-25 05:12:29,"[{""id"": 1, ""brand"": ""Dailies Total1"", ""quantity"": ""2"", ""size"": 30}]"
54173,kb-12,7c43d4f9da850076bca9cf9e0a59cc9e,2024-07-25 05:12:30,"[{""id"": 1, ""brand"": ""Dailies Total1"", ""quantity"": ""2"", ""size"": 30}]"
54174,kb-12,fb8e13d4ee578e6aaafa834522347d1f,2024-07-25 05:12:31,"[{""id"": 1, ""brand"": ""Dailies Total1"", ""quantity"": ""2"", ""size"": 30}]"
54175,kb-12,c7ce6537279b91995c9c4b17935a5f3c,2024-07-25 05:12:32,"[{""id"": 1, ""brand"": ""Dailies Total1"", ""quantity"": ""2"", ""size"": 30}]"
54176,kb-12,0b19442f9bf039d67c7eaef6c9ae41bc,2024-07-25 05:12:33,"[{""id"": 1, ""brand"": ""Dailies Total1"", ""quantity"": ""2"", ""size"": 30}]"
54177,kb-12,c28f908bfd1e3192aa8049785618de5c,2024-07-25 05:12:34,"[{""id"": 1, ""brand"": ""Dailies Total1"", ""quantity"": ""2"", ""size"": 30}]"
54178,kb-12,0dd528c2d7c7785decd6d7ba2eebc157,2024-07-25 05:12:35,"[{""id"": 1, ""brand"": ""Dailies Total1"", ""quantity"": ""2"", ""size"": 30}]"
54179,kb-12,383ad123c62e54b1c9b18db90d59abdd,2024-07-25 05:12:36,"[{""id"": 1, ""brand"": ""Dailies Total1"", ""quantity"": ""2"", ""size"": 30}]"
54180,kb-12,6d51e2cbe3625b2a9096418fd1cfea9d,2024-07-25 05:12:37,"[{""id"": 1, ""brand"": ""Dailies Total1"", ""quantity"": ""2"", ""size"": 30}]"
54181,kb-12,31328f6bb9b1d8823247d4ecab385923,2024-07-25 05:12:38,"[{""id"": 1, ""brand"": ""Dailies Total1"", ""quantity"": ""1"", ""size"": 30}]"
54182,kb-12,c26d4282e9ef8b90ec5e581072e5be75,2024-07-25 05:12:39,"[{""id"": 1, ""brand"": ""Dailies Total1"", ""quantity"": ""2"", ""size"": 30}]"
54183,kb-12,33ce51f2469b92ab6aa470668ca97e8a,2024-07-25 05:12:41,"[{""id"": 1, ""brand"": ""Dailies Total1"", ""quantity"": ""2"", ""size"": 30}]"
54184,kb-12,19c5e6d13eceeab3935d74f643a02fe5,2024-07-25 05:12:43,"[{""id"": 1, ""brand"": ""Dailies Total1"", ""quantity"": ""1"", ""size"": 30}]"
54185,kb-12,3007fe06e45a017c65114668bdcd2f1f,2024-07-25 05:12:46,"[{""id"": 40, ""brand"": ""Precision1"", ""quantity"": ""4"", ""size"": 30}]"
54186,kb-12,1e854b96cccd4eecda09617a7bebacbd,2024-07-25 05:12:48,"[{""id"": 40, ""brand"": ""Precision1"", ""quantity"": ""2"", ""size"": 30}]"
54188,kb-12,540ab601970103cebd9fd440f67fc662,2024-07-25 05:12:52,"[{""id"": 40, ""brand"": ""Precision1"", ""quantity"": ""2"", ""size"": 30}]"
54189,kb-12,9a084c96bc61919b314b9106f1f7fd68,2024-07-25 05:12:54,"[{""id"": 69, ""brand"": ""TOTAL30"", ""quantity"": ""1"", ""size"": 3}]"
54190,kb-12,8530057863e1ef185bfd85ea3769ca7c,2024-07-25 05:12:56,"[{""id"": 1, ""brand"": ""Dailies Total1"", ""quantity"": ""2"", ""size"": 30}]"
54191,kb-12,c26f72c57463e81dbea5978559a76f2c,2024-07-25 05:12:57,"[{""id"": 1, ""brand"": ""Dailies Total1"", ""quantity"": ""2"", ""size"": 30}]"
54192,kb-12,d9788cbb9d61af80b9d6446d27339a55,2024-07-25 05:12:58,"[{""id"": 1, ""brand"": ""Dailies Total1"", ""quantity"": ""1"", ""size"": 30}]"
54193,kb-12,52d1058a6278e8e3bd6b9071649255f4,2024-07-25 05:13:00,"[{""id"": 1, ""brand"": ""Dailies Total1"", ""quantity"": ""2"", ""size"": 30}]"
54194,kb-12,5ab3db9300ddee41128a9ab1ff2e104f,2024-07-25 05:13:01,"[{""id"": 1, ""brand"": ""Dailies Total1"", ""quantity"": ""2"", ""size"": 30}]"
54195,kb-12,cab519d57d197df428bf0c05b41e9624,2024-07-25 05:13:04,"[{""id"": 69, ""brand"": ""TOTAL30"", ""quantity"": ""1"", ""size"": 3}]"
54196,kb-12,875b0e3600cc9fc7ca26b362cd83e50a,2024-07-25 05:13:09,"[{""id"": 40, ""brand"": ""Precision1"", ""quantity"": ""4"", ""size"": 30}]"
54197,,419bf92e7db27723b0ee4dd262cd0bc1,2024-07-25 08:09:05,"[{""id"": ""8"", ""brand"": ""Air Optix plus HydraGlyde"", ""quantity"": ""1"", ""size"": ""6""}]"
54198,,c771b68ea377c0f5d676fd50c0bfa7ac,2024-07-25 08:09:08,"[{""id"": ""12"", ""brand"": ""\u041e\u043f\u0442\u0438-\u0424\u0440\u0438"", ""quantity"": ""1"", ""size"": """"}, {""id"": ""44"", ""brand"": ""\u041e\u043f\u0442\u0438-\u0424\u0440\u0438"", ""quantity"": ""1"", ""size"": ""15""}]"
54199,,aa0bcc3af9c819c3fbc4462ba8ae5e25,2024-07-25 08:09:10,"[{""id"": ""1"", ""brand"": ""Dailies Total1"", ""quantity"": ""1"", ""size"": ""30""}]"
54200,,446285ce96e8429dd2df65da3744e7f2,2024-07-25 08:09:12,"[{""id"": ""4"", ""brand"": ""Dailies Total1 \u041c\u0443\u043b\u044c\u0442\u0438\u0444\u043e\u043a\u0430\u043b\u044c\u043d\u044b\u0435"", ""quantity"": ""1"", ""size"": ""30""}, {""id"": ""4"", ""brand"": ""Dailies Total1 \u041c\u0443\u043b\u044c\u0442\u0438\u0444\u043e\u043a\u0430\u043b\u044c\u043d\u044b\u0435"", ""quantity"": ""1"", ""size"": ""30""}]"
54201,,2fed4616b62626c065a7d06e83899a8b,2024-07-25 08:09:14,"[{""id"": ""12"", ""brand"": ""\u041e\u043f\u0442\u0438-\u0424\u0440\u0438"", ""quantity"": ""1"", ""size"": """"}, {""id"": ""44"", ""brand"": ""\u041e\u043f\u0442\u0438-\u0424\u0440\u0438"", ""quantity"": ""1"", ""size"": ""15""}]"
54202,,015a8a2ffc93277dbd0bb8e010e038d7,2024-07-25 08:09:16,"[{""id"": ""28"", ""brand"": ""Air Optix plus HydraGlyde Multifocal"", ""quantity"": ""1"", ""size"": ""3""}, {""id"": ""28"", ""brand"": ""Air Optix plus HydraGlyde Multifocal"", ""quantity"": ""1"", ""size"": ""3""}]"
54203,,284833b38883af4f503a3d83a680a297,2024-07-25 08:09:18,"[{""id"": ""2"", ""brand"": ""Dailies Total1"", ""quantity"": ""1"", ""size"": ""90""}, {""id"": ""2"", ""brand"": ""Dailies Total1"", ""quantity"": ""1"", ""size"": ""90""}]"
54204,bcom,6d2fe23e074a5fc4d3a3e2543d48a900,2024-07-25 10:00:02,"[{""id"": 28, ""brand"": ""Air Optix plus HydraGlyde Multifocal"", ""quantity"": 1, ""size"": 3}]"
54205,bcom,7adcd40ac6cb5eebc7d693d3ba72fb31,2024-07-25 10:00:05,"[{""id"": 3, ""brand"": ""Air Optix Aqua"", ""quantity"": 1, ""size"": 3}]"
54206,bcom,6ef39968e5f30684ceeffd26c1f5be1c,2024-07-25 10:00:10,"[{""id"": 40, ""brand"": ""Precision1"", ""quantity"": 1, ""size"": 30}]"
54207,bcom,eb6976941b10820469c0cdea389bb9e0,2024-07-25 10:00:12,"[{""id"": 1, ""brand"": ""Dailies Total1"", ""quantity"": 1, ""size"": 30}, {""id"": 1, ""brand"": ""Dailies Total1"", ""quantity"": 1, ""size"": 30}]"
54208,bcom,1d50c9d6e42f07da381511de2e8aa75f,2024-07-25 10:00:15,"[{""id"": 67, ""brand"": ""\u0422\u043e\u0432\u0430\u0440 Alcon"", ""quantity"": 1, ""size"": 0}]"
54209,bcom,e633d013b690e485057b4917baac4517,2024-07-25 10:00:17,"[{""id"": 28, ""brand"": ""Air Optix plus HydraGlyde Multifocal"", ""quantity"": 1, ""size"": 3}]"
54210,bcom,6ea6e9965a20351b141d9e0e70f24ff3,2024-07-25 10:00:23,"[{""id"": 28, ""brand"": ""Air Optix plus HydraGlyde Multifocal"", ""quantity"": 1, ""size"": 3}]"
54211,bcom,405069483fb0c72823022780edf08924,2024-07-25 10:00:25,"[{""id"": 67, ""brand"": ""\u0422\u043e\u0432\u0430\u0440 Alcon"", ""quantity"": 1, ""size"": 0}]"
54212,bcom,78bd072f815b878f2d773220b7290bc6,2024-07-25 10:00:27,"[{""id"": 67, ""brand"": ""\u0422\u043e\u0432\u0430\u0440 Alcon"", ""quantity"": 1, ""size"": 0}]"
54213,bcom,c54c4d6ab29c1eb1272f3f4bfe9b5121,2024-07-25 10:00:31,"[{""id"": 1, ""brand"": ""Dailies Total1"", ""quantity"": 1, ""size"": 30}, {""id"": 1, ""brand"": ""Dailies Total1"", ""quantity"": 1, ""size"": 30}]"
54214,bcom,fbfb502399554aec1c9f18132f9dfe2f,2024-07-25 10:00:34,"[{""id"": 40, ""brand"": ""Precision1"", ""quantity"": 1, ""size"": 30}]"
54215,bcom,e280792004ad8d151831bd7887a082d2,2024-07-25 10:00:40,"[{""id"": 40, ""brand"": ""Precision1"", ""quantity"": 1, ""size"": 30}]"
54216,bcom,bc4cef36ea3d01c0470ce05ee239f343,2024-07-25 10:00:42,"[{""id"": 67, ""brand"": ""\u0422\u043e\u0432\u0430\u0440 Alcon"", ""quantity"": 1, ""size"": 0}]"
54217,bcom,75e6f53713d4a36aa0112ab23b36e715,2024-07-25 10:00:45,"[{""id"": 40, ""brand"": ""Precision1"", ""quantity"": 1, ""size"": 30}]"
54218,bcom,551dfdb4727a0b577dc1aa5188c345da,2024-07-25 10:00:47,"[{""id"": 67, ""brand"": ""\u0422\u043e\u0432\u0430\u0440 Alcon"", ""quantity"": 1, ""size"": 0}]"
54219,bcom,873b7aeb21f0c2b8f828b1e31f9cf312,2024-07-25 10:00:49,"[{""id"": 67, ""brand"": ""\u0422\u043e\u0432\u0430\u0440 Alcon"", ""quantity"": 1, ""size"": 0}]"
54220,bcom,98e8110acfe5689e0a8c9e1f066af20b,2024-07-25 10:00:51,"[{""id"": 56, ""brand"": ""\u0421\u0438\u0441\u0442\u0435\u0439\u043d \u0423\u043b\u044c\u0442\u0440\u0430"", ""quantity"": 1, ""size"": 3}]"
54221,bcom,eb64b5df1ae3dd2f1b9dcea988aa11b3,2024-07-25 10:00:55,"[{""id"": 28, ""brand"": ""Air Optix plus HydraGlyde Multifocal"", ""quantity"": 1, ""size"": 3}]"
54222,bcom,acbf4247e0ef52e73ceaaccdf54eb7f1,2024-07-25 10:00:57,"[{""id"": 67, ""brand"": ""\u0422\u043e\u0432\u0430\u0440 Alcon"", ""quantity"": 1, ""size"": 0}]"
54223,bcom,a4e36e270eda0f9bdbe318806c2178a9,2024-07-25 10:00:58,"[{""id"": 40, ""brand"": ""Precision1"", ""quantity"": 1, ""size"": 30}]"
54224,bcom,c15b193cf213f08ea0a3e786076c482c,2024-07-25 10:01:00,"[{""id"": 40, ""brand"": ""Precision1"", ""quantity"": 1, ""size"": 30}]"
54225,bcom,cc8ae31e867bd27035253a027c0f8ac9,2024-07-25 10:01:04,"[{""id"": 67, ""brand"": ""\u0422\u043e\u0432\u0430\u0440 Alcon"", ""quantity"": 1, ""size"": 0}]"
54226,bcom,3a4a7f5be1ed3f4fc1d8a95b8baf314e,2024-07-25 10:01:05,"[{""id"": 67, ""brand"": ""\u0422\u043e\u0432\u0430\u0440 Alcon"", ""quantity"": 1, ""size"": 0}]"
54227,bcom,aecca1f193917f35c1626215293a895c,2024-07-25 10:01:08,"[{""id"": 28, ""brand"": ""Air Optix plus HydraGlyde Multifocal"", ""quantity"": 1, ""size"": 3}, {""id"": 44, ""brand"": ""\u041e\u043f\u0442\u0438-\u0424\u0440\u0438"", ""quantity"": 1, ""size"": 15}]"
54228,bcom,e170b5a40ade218b9e141ace5cb6ac47,2024-07-25 10:01:10,"[{""id"": 67, ""brand"": ""\u0422\u043e\u0432\u0430\u0440 Alcon"", ""quantity"": 1, ""size"": 0}, {""id"": 67, ""brand"": ""\u0422\u043e\u0432\u0430\u0440 Alcon"", ""quantity"": 1, ""size"": 0}]"
54229,bcom,bb5d07ee0d9683c41fc3416646c78f1c,2024-07-25 10:01:12,"[{""id"": 8, ""brand"": ""Air Optix plus HydraGlyde"", ""quantity"": 1, ""size"": 6}]"
54230,bcom,c7d21469c5ce999ff7fc624e76494bc4,2024-07-25 10:01:16,"[{""id"": 1, ""brand"": ""Dailies Total1"", ""quantity"": 1, ""size"": 30}]"
54277,kb-12,57a93712e0b6aeabada50fcb2daf9c15,2024-07-26 00:56:03,"[{""id"": 40, ""brand"": ""Precision1"", ""quantity"": ""1"", ""size"": 30}]"
54231,bcom,67e1fd663d64458168df148a2d9f1f05,2024-07-25 10:01:17,"[{""id"": 67, ""brand"": ""\u0422\u043e\u0432\u0430\u0440 Alcon"", ""quantity"": 1, ""size"": 0}, {""id"": 67, ""brand"": ""\u0422\u043e\u0432\u0430\u0440 Alcon"", ""quantity"": 1, ""size"": 0}]"
54232,bcom,5c44f92fc18dbd3b599f23e073904dbd,2024-07-25 10:01:20,"[{""id"": 40, ""brand"": ""Precision1"", ""quantity"": 1, ""size"": 30}]"
54233,bcom,4aefec14b98b08684425728fb96596da,2024-07-25 10:01:21,"[{""id"": 53, ""brand"": ""\u0421\u0438\u0441\u0442\u0435\u0439\u043d \u0411\u0430\u043b\u0430\u043d\u0441"", ""quantity"": 1, ""size"": 10}, {""id"": 28, ""brand"": ""Air Optix plus HydraGlyde Multifocal"", ""quantity"": 1, ""size"": 3}]"
54234,bcom,35f583c103724a5858d237d76023eded,2024-07-25 10:01:24,"[{""id"": 67, ""brand"": ""\u0422\u043e\u0432\u0430\u0440 Alcon"", ""quantity"": 1, ""size"": 0}, {""id"": 67, ""brand"": ""\u0422\u043e\u0432\u0430\u0440 Alcon"", ""quantity"": 1, ""size"": 0}]"
54235,bcom,19c2cf72b3d9935c1023c023ac9c813d,2024-07-25 10:01:27,"[{""id"": 40, ""brand"": ""Precision1"", ""quantity"": 1, ""size"": 30}]"
54236,bcom,05546d27dd786c5985f9b089db1b2d7b,2024-07-25 10:01:29,"[{""id"": 67, ""brand"": ""\u0422\u043e\u0432\u0430\u0440 Alcon"", ""quantity"": 1, ""size"": 0}]"
54237,bcom,952fd118253675675ed24d55c3a408f8,2024-07-25 10:01:31,"[{""id"": 40, ""brand"": ""Precision1"", ""quantity"": 1, ""size"": 30}]"
54238,,aadeb29d980f129edb30d19d2e3ffa76,2024-07-25 10:18:59,"[{""id"": ""27"", ""brand"": ""Air Optix plus HydraGlyde for Astigmatism"", ""quantity"": ""1"", ""size"": ""3""}, {""id"": ""27"", ""brand"": ""Air Optix plus HydraGlyde for Astigmatism"", ""quantity"": ""1"", ""size"": ""3""}]"
54239,linzitut,8700bb901976159309b65c88acf12881,2024-07-25 16:07:30,"[{""id"": ""1"", ""quantity"": 1, ""size"": 30, ""brand"": ""Dailies Total1""}]"
54240,linzitut,a6c2ba74ec965c70b9b23c7bde910303,2024-07-25 16:08:06,"[{""id"": ""1"", ""quantity"": 1, ""size"": 30, ""brand"": ""Dailies Total1""}]"
54241,linzitut,d8480822ca8f17bd7c8e7557b7a00c4b,2024-07-25 16:08:35,"[{""id"": ""1"", ""quantity"": 1, ""size"": 30, ""brand"": ""Dailies Total1""}]"
54242,linzitut,162857c1636a95957a409e0ebd5ac66f,2024-07-25 16:08:55,"[{""id"": ""1"", ""quantity"": 1, ""size"": 30, ""brand"": ""Dailies Total1""}]"
54243,linzitut,d8875b24237c31dff91a27b77105ac56,2024-07-25 16:09:31,"[{""id"": ""1"", ""quantity"": 1, ""size"": 30, ""brand"": ""Dailies Total1""}]"
54244,linzitut,f594a0937071f9b25581c8e957273312,2024-07-25 16:09:54,"[{""id"": ""1"", ""quantity"": 1, ""size"": 30, ""brand"": ""Dailies Total1""}]"
54245,kb-12,47646d23a7354422372880fa7e8edceb,2024-07-25 20:44:02,"[{""id"": 1, ""brand"": ""Dailies Total1"", ""quantity"": ""1"", ""size"": 30}]"
54246,kb-12,6710ab4080f7325fb515e525b0728abb,2024-07-25 21:27:02,"[{""id"": 69, ""brand"": ""TOTAL30"", ""quantity"": ""2"", ""size"": 3}]"
54247,kb-12,04fd01a14adb8f57baa0e557f361683e,2024-07-25 21:46:03,"[{""id"": 1, ""brand"": ""Dailies Total1"", ""quantity"": ""1"", ""size"": 30}]"
54248,kb-12,96d7c84304e1bfc33827e3fe7e9bc335,2024-07-25 22:48:02,"[{""id"": 1, ""brand"": ""Dailies Total1"", ""quantity"": ""2"", ""size"": 30}]"
54249,kb-12,860e5e919d0aa7722fb45bd6f540e421,2024-07-25 23:01:02,"[{""id"": 40, ""brand"": ""Precision1"", ""quantity"": ""2"", ""size"": 30}]"
54250,kb-12,d2ca9aba7e5506415b2c4930a7fe246b,2024-07-25 23:08:03,"[{""id"": 69, ""brand"": ""TOTAL30"", ""quantity"": ""2"", ""size"": 3}]"
54251,kb-12,3227923dc199dccd5ca9fad77190da00,2024-07-25 23:11:02,"[{""id"": 40, ""brand"": ""Precision1"", ""quantity"": ""2"", ""size"": 30}]"
54252,kb-12,c4219747194941ade3a105430b010842,2024-07-25 23:16:02,"[{""id"": 69, ""brand"": ""TOTAL30"", ""quantity"": ""2"", ""size"": 3}]"
54253,kb-12,503f3235d19da4592652a79ad8dc9242,2024-07-25 23:17:02,"[{""id"": 69, ""brand"": ""TOTAL30"", ""quantity"": ""1"", ""size"": 3}]"
54254,kb-12,68a596f6ce93d97c2ed5e130ede57e3d,2024-07-25 23:19:02,"[{""id"": 40, ""brand"": ""Precision1"", ""quantity"": ""2"", ""size"": 30}]"
54255,kb-12,b6339ec0d3f89ccbde13c54593337ec3,2024-07-25 23:24:03,"[{""id"": 4, ""brand"": ""Dailies Total1 \u041c\u0443\u043b\u044c\u0442\u0438\u0444\u043e\u043a\u0430\u043b\u044c\u043d\u044b\u0435"", ""quantity"": ""2"", ""size"": 30}]"
54256,kb-12,4c99fcb6a79f2321a911f3511268aab9,2024-07-25 23:26:02,"[{""id"": 2, ""brand"": ""Dailies Total1"", ""quantity"": ""1"", ""size"": 90}]"
54257,kb-12,f20291a6a7a4e1d69b4238203afd76d7,2024-07-25 23:26:04,"[{""id"": 40, ""brand"": ""Precision1"", ""quantity"": ""1"", ""size"": 30}]"
54258,kb-12,22920a8c3f8d3a20be9a3ccd13c42bc9,2024-07-25 23:27:02,"[{""id"": 4, ""brand"": ""Dailies Total1 \u041c\u0443\u043b\u044c\u0442\u0438\u0444\u043e\u043a\u0430\u043b\u044c\u043d\u044b\u0435"", ""quantity"": ""2"", ""size"": 30}]"
54259,kb-12,99566d2119e497a339d622a07c383082,2024-07-25 23:27:04,"[{""id"": 40, ""brand"": ""Precision1"", ""quantity"": ""1"", ""size"": 30}]"
54260,kb-12,7acb24231703b155f3ef6917fd284ee6,2024-07-25 23:29:03,"[{""id"": 1, ""brand"": ""Dailies Total1"", ""quantity"": ""3"", ""size"": 30}]"
54261,kb-12,024037fcaa66f041f189451d21e14efd,2024-07-25 23:34:02,"[{""id"": 40, ""brand"": ""Precision1"", ""quantity"": ""1"", ""size"": 30}]"
54262,kb-12,0e1be603a85e5a41a6b387312dd01c12,2024-07-25 23:41:02,"[{""id"": 4, ""brand"": ""Dailies Total1 \u041c\u0443\u043b\u044c\u0442\u0438\u0444\u043e\u043a\u0430\u043b\u044c\u043d\u044b\u0435"", ""quantity"": ""2"", ""size"": 30}]"
54263,kb-12,8e1a320cd7464c60efac893695d4f71d,2024-07-25 23:52:02,"[{""id"": 40, ""brand"": ""Precision1"", ""quantity"": ""1"", ""size"": 30}]"
54264,kb-12,79447ac339d09d6fcc43512c2f7ee0b4,2024-07-25 23:54:03,"[{""id"": 69, ""brand"": ""TOTAL30"", ""quantity"": ""1"", ""size"": 3}]"
54265,kb-12,1faaf444309f6d3388935e8ad1e3b665,2024-07-25 23:55:03,"[{""id"": 1, ""brand"": ""Dailies Total1"", ""quantity"": ""1"", ""size"": 30}, {""id"": 40, ""brand"": ""Precision1"", ""quantity"": ""1"", ""size"": 30}]"
54266,kb-12,9755026e50c8ec686a0d20e08ac47bf0,2024-07-25 23:58:03,"[{""id"": 1, ""brand"": ""Dailies Total1"", ""quantity"": ""1"", ""size"": 30}]"
54267,kb-12,cff7e946b3e416a7a542d96d075a1876,2024-07-26 00:01:02,"[{""id"": 1, ""brand"": ""Dailies Total1"", ""quantity"": ""2"", ""size"": 30}]"
54268,kb-12,d2b982b06d885aff7993be1c238dc5f8,2024-07-26 00:05:09,"[{""id"": 1, ""brand"": ""Dailies Total1"", ""quantity"": ""2"", ""size"": 30}]"
54269,kb-12,0b22606b00f5b5bec9ec1aa39b95c1c9,2024-07-26 00:09:02,"[{""id"": 50, ""brand"": ""\u041e\u043f\u0442\u0438-\u0424\u0440\u0438 PureMoist"", ""quantity"": ""1"", ""size"": 300}, {""id"": 69, ""brand"": ""TOTAL30"", ""quantity"": ""2"", ""size"": 3}]"
54270,kb-12,b4cf164eac0a5541c9eb69ef22b7e827,2024-07-26 00:23:03,"[{""id"": 69, ""brand"": ""TOTAL30"", ""quantity"": ""2"", ""size"": 3}]"
54271,kb-12,b8107bba61c93006b7f43cdaeb316c13,2024-07-26 00:34:02,"[{""id"": 1, ""brand"": ""Dailies Total1"", ""quantity"": ""2"", ""size"": 30}]"
54272,kb-12,a10679261a2868e9dd6fbb9255e359c7,2024-07-26 00:47:03,"[{""id"": 1, ""brand"": ""Dailies Total1"", ""quantity"": ""2"", ""size"": 30}]"
54273,kb-12,97e29aec8264254e71949492fc43a308,2024-07-26 00:47:03,"[{""id"": 1, ""brand"": ""Dailies Total1"", ""quantity"": ""2"", ""size"": 30}]"
54274,kb-12,75bfc9a5e1631f0c024a32cb1ac5d36c,2024-07-26 00:48:02,"[{""id"": 1, ""brand"": ""Dailies Total1"", ""quantity"": ""2"", ""size"": 30}]"
54275,kb-12,dd95a73aba58ff04d89dc424648829ef,2024-07-26 00:54:02,"[{""id"": 1, ""brand"": ""Dailies Total1"", ""quantity"": ""1"", ""size"": 30}]"
54276,kb-12,eeecd78f9ec0d3c1cac2ffe8384c2488,2024-07-26 00:55:03,"[{""id"": 1, ""brand"": ""Dailies Total1"", ""quantity"": ""1"", ""size"": 30}]"
54278,kb-12,1152966236ae06b4e23c4c8324819d3e,2024-07-26 01:31:03,"[{""id"": 1, ""brand"": ""Dailies Total1"", ""quantity"": ""1"", ""size"": 30}]"
54279,kb-12,1bda1819a260d67f55411c39ae49dc6b,2024-07-26 01:39:02,"[{""id"": 1, ""brand"": ""Dailies Total1"", ""quantity"": ""3"", ""size"": 30}]"
54280,kb-12,3ae3537241b43f3aae6b6715bba497c0,2024-07-26 01:46:03,"[{""id"": 1, ""brand"": ""Dailies Total1"", ""quantity"": ""1"", ""size"": 30}]"
54281,kb-12,b3557d6b1540c90cf160b836e88cef9a,2024-07-26 01:47:02,"[{""id"": 50, ""brand"": ""\u041e\u043f\u0442\u0438-\u0424\u0440\u0438 PureMoist"", ""quantity"": ""1"", ""size"": 300}, {""id"": 69, ""brand"": ""TOTAL30"", ""quantity"": ""1"", ""size"": 3}]"
54282,kb-12,bdedf3ece7e74777bc78d2ed9492dba9,2024-07-26 01:47:04,"[{""id"": 1, ""brand"": ""Dailies Total1"", ""quantity"": ""1"", ""size"": 30}]"
54283,kb-12,0dcc8bf36a8436143b4087bd2de05d4f,2024-07-26 01:49:02,"[{""id"": 1, ""brand"": ""Dailies Total1"", ""quantity"": ""1"", ""size"": 30}]"
54284,kb-12,0f8ae3c2cfff58cb82d002d015c3e0cb,2024-07-26 01:56:03,"[{""id"": 1, ""brand"": ""Dailies Total1"", ""quantity"": ""3"", ""size"": 30}]"
54285,kb-12,fbfa602191d4231d5cdc33f846798762,2024-07-26 01:57:03,"[{""id"": 1, ""brand"": ""Dailies Total1"", ""quantity"": ""1"", ""size"": 30}]"
54286,kb-12,6cdeaad44338795d306bca4d92914508,2024-07-26 02:01:02,"[{""id"": 40, ""brand"": ""Precision1"", ""quantity"": ""1"", ""size"": 30}]"
54287,kb-12,3c7d0cf40f35c893f75284aa6b37dec9,2024-07-26 02:03:02,"[{""id"": 1, ""brand"": ""Dailies Total1"", ""quantity"": ""2"", ""size"": 30}]"
54288,kb-12,a0603574cea12ff96c70555b9d023c98,2024-07-26 02:05:10,"[{""id"": 1, ""brand"": ""Dailies Total1"", ""quantity"": ""2"", ""size"": 30}]"
54289,kb-12,d13ad65c755c3157dc23a32c3fab8c67,2024-07-26 02:09:02,"[{""id"": 1, ""brand"": ""Dailies Total1"", ""quantity"": ""2"", ""size"": 30}]"
54290,kb-12,3352f42ca16f6dd8efc900f5bdef37ef,2024-07-26 02:09:03,"[{""id"": 1, ""brand"": ""Dailies Total1"", ""quantity"": ""1"", ""size"": 30}]"
54291,kb-12,5ca3cf0d817d4ecf529ae867206e4258,2024-07-26 02:22:02,"[{""id"": 40, ""brand"": ""Precision1"", ""quantity"": ""2"", ""size"": 30}]"
54292,kb-12,224631210112dd7cbf62ef8ab41f27f2,2024-07-26 02:25:02,"[{""id"": 1, ""brand"": ""Dailies Total1"", ""quantity"": ""1"", ""size"": 30}]"
54293,kb-12,eb39da11f4bf368dbe5c36bfdc447c29,2024-07-26 02:25:04,"[{""id"": 40, ""brand"": ""Precision1"", ""quantity"": ""2"", ""size"": 30}]"
54294,kb-12,ba372261ae83d33fbfe8a48bcc400d92,2024-07-26 02:29:02,"[{""id"": 69, ""brand"": ""TOTAL30"", ""quantity"": ""1"", ""size"": 3}]"
54295,kb-12,5a4a54af89347e0b8798b66cf256aafb,2024-07-26 02:29:04,"[{""id"": 1, ""brand"": ""Dailies Total1"", ""quantity"": ""1"", ""size"": 30}]"
54296,kb-12,7ec24993168a3f5ae20e7dd2d6dc8a73,2024-07-26 02:30:02,"[{""id"": 40, ""brand"": ""Precision1"", ""quantity"": ""1"", ""size"": 30}]"
54297,kb-12,d40fc090860c5cc5c241358f779c7bba,2024-07-26 02:32:02,"[{""id"": 1, ""brand"": ""Dailies Total1"", ""quantity"": ""1"", ""size"": 30}]"
54298,,9743dc5a084e4fcd35a5c0f8be14f16b,2024-07-26 08:09:05,"[{""id"": ""6"", ""brand"": ""Air Optix Aqua"", ""quantity"": ""1"", ""size"": ""6""}]"
54299,,dd3b51f28dba3134c638ca06423ef9e9,2024-07-26 08:09:08,"[{""id"": ""1"", ""brand"": ""Dailies Total1"", ""quantity"": ""1"", ""size"": ""30""}]"
54300,,989ba080de8e32286fc83c90478123fa,2024-07-26 08:09:10,"[{""id"": ""6"", ""brand"": ""Air Optix Aqua"", ""quantity"": ""1"", ""size"": ""6""}]"
54301,,db0a175885aad3eb6d9e99f8365675cc,2024-07-26 08:09:13,"[{""id"": ""3"", ""brand"": ""Air Optix Aqua"", ""quantity"": ""1"", ""size"": ""3""}]"
54302,,eefb90d52c7a6909772bf37547ef90bf,2024-07-26 08:09:15,"[{""id"": ""32"", ""brand"": ""Freshlook Colors"", ""quantity"": ""1"", ""size"": ""2""}, {""id"": ""32"", ""brand"": ""Freshlook Colors"", ""quantity"": ""1"", ""size"": ""2""}, {""id"": ""32"", ""brand"": ""Freshlook Colors"", ""quantity"": ""1"", ""size"": ""2""}]"
54303,,11b18d71e34afd8b099b3866e3f5ad6c,2024-07-26 08:09:17,"[{""id"": ""10"", ""brand"": ""Air Optix Night & Day Aqua"", ""quantity"": ""1"", ""size"": ""3""}, {""id"": ""10"", ""brand"": ""Air Optix Night & Day Aqua"", ""quantity"": ""1"", ""size"": ""3""}]"
54304,,be73ee1166672f416f5aa554a05e8a63,2024-07-26 08:09:19,"[{""id"": ""12"", ""brand"": ""\u041e\u043f\u0442\u0438-\u0424\u0440\u0438"", ""quantity"": ""1"", ""size"": """"}, {""id"": ""44"", ""brand"": ""\u041e\u043f\u0442\u0438-\u0424\u0440\u0438"", ""quantity"": ""1"", ""size"": ""15""}]"
54305,bcom,f4deda8090aef2d06be960f180761670,2024-07-26 10:00:04,"[{""id"": 40, ""brand"": ""Precision1"", ""quantity"": 1, ""size"": 30}]"
54306,bcom,856c95d7b7e246de9631d2de82293709,2024-07-26 10:00:07,"[{""id"": 28, ""brand"": ""Air Optix plus HydraGlyde Multifocal"", ""quantity"": 1, ""size"": 3}]"
54307,bcom,a647603038f908efb31af78dbcba39dd,2024-07-26 10:00:12,"[{""id"": 40, ""brand"": ""Precision1"", ""quantity"": 1, ""size"": 30}]"
54308,bcom,91d9e9b0e7a17636daf164b283984bf0,2024-07-26 10:00:16,"[{""id"": 1, ""brand"": ""Dailies Total1"", ""quantity"": 1, ""size"": 30}]"
54309,bcom,9e1be5f8a06e3cbd43ecd553f58a6b72,2024-07-26 10:00:19,"[{""id"": 28, ""brand"": ""Air Optix plus HydraGlyde Multifocal"", ""quantity"": 1, ""size"": 3}, {""id"": 28, ""brand"": ""Air Optix plus HydraGlyde Multifocal"", ""quantity"": 1, ""size"": 3}]"
54310,bcom,419afc17e5eafa09b603997f949faf5e,2024-07-26 10:00:21,"[{""id"": 28, ""brand"": ""Air Optix plus HydraGlyde Multifocal"", ""quantity"": 1, ""size"": 3}]"
54311,bcom,6776db56d42f21bbf6bf094f13115c63,2024-07-26 10:00:24,"[{""id"": 67, ""brand"": ""\u0422\u043e\u0432\u0430\u0440 Alcon"", ""quantity"": 1, ""size"": 0}, {""id"": 67, ""brand"": ""\u0422\u043e\u0432\u0430\u0440 Alcon"", ""quantity"": 1, ""size"": 0}]"
54312,bcom,16be60df26a4e1560af51610325ada3f,2024-07-26 10:00:27,"[{""id"": 67, ""brand"": ""\u0422\u043e\u0432\u0430\u0440 Alcon"", ""quantity"": 1, ""size"": 0}]"
54313,bcom,b13a205ea9eed63f24e6542417cbc3c9,2024-07-26 10:00:29,"[{""id"": 40, ""brand"": ""Precision1"", ""quantity"": 1, ""size"": 30}]"
54314,bcom,175e6f35e9ac128514ee02630c818710,2024-07-26 10:00:32,"[{""id"": 1, ""brand"": ""Dailies Total1"", ""quantity"": 1, ""size"": 30}]"
54315,bcom,7a56a6b6f3637b2082df31bbbf557c4b,2024-07-26 10:00:35,"[{""id"": 1, ""brand"": ""Dailies Total1"", ""quantity"": 1, ""size"": 30}]"
54316,bcom,f4605a93c6e209d3aa036815e10f0c23,2024-07-26 10:00:37,"[{""id"": 1, ""brand"": ""Dailies Total1"", ""quantity"": 1, ""size"": 30}]"
54317,bcom,b56f6f8b70556ca7602d6fa5c3aa9336,2024-07-26 10:00:39,"[{""id"": 1, ""brand"": ""Dailies Total1"", ""quantity"": 1, ""size"": 30}]"
54318,bcom,d62e914cc2e47c480bdc97c30de87c18,2024-07-26 10:00:42,"[{""id"": 40, ""brand"": ""Precision1"", ""quantity"": 1, ""size"": 30}]"
54319,bcom,0380622c4fab5a40d0370b380ad9c5ab,2024-07-26 10:00:44,"[{""id"": 67, ""brand"": ""\u0422\u043e\u0432\u0430\u0440 Alcon"", ""quantity"": 1, ""size"": 0}]"
54320,bcom,bec2855da2947c40d7c1a261c62d5d0d,2024-07-26 10:00:45,"[{""id"": 67, ""brand"": ""\u0422\u043e\u0432\u0430\u0440 Alcon"", ""quantity"": 1, ""size"": 0}]"
54321,bcom,80fc08370b8e8805b3f7ac4ae4356b31,2024-07-26 10:00:48,"[{""id"": 28, ""brand"": ""Air Optix plus HydraGlyde Multifocal"", ""quantity"": 1, ""size"": 3}, {""id"": 28, ""brand"": ""Air Optix plus HydraGlyde Multifocal"", ""quantity"": 1, ""size"": 3}]"
54322,bcom,f40265a98b97522f9625c9fb24a10f99,2024-07-26 10:00:50,"[{""id"": 28, ""brand"": ""Air Optix plus HydraGlyde Multifocal"", ""quantity"": 1, ""size"": 3}]"
54323,bcom,19f9ac539d41e474553d4c8d5c183afc,2024-07-26 10:00:52,"[{""id"": 28, ""brand"": ""Air Optix plus HydraGlyde Multifocal"", ""quantity"": 1, ""size"": 3}]"
54324,bcom,c9f4ba3658f3d991fb86cacfc651fa89,2024-07-26 10:00:54,"[{""id"": 67, ""brand"": ""\u0422\u043e\u0432\u0430\u0440 Alcon"", ""quantity"": 1, ""size"": 0}]"
54325,bcom,81446664f6fa9df83828665a03882df6,2024-07-26 10:00:56,"[{""id"": 67, ""brand"": ""\u0422\u043e\u0432\u0430\u0440 Alcon"", ""quantity"": 1, ""size"": 0}]"
54326,bcom,ceeb5ac93621fabed6f82124a30e73bb,2024-07-26 10:01:01,"[{""id"": 8, ""brand"": ""Air Optix plus HydraGlyde"", ""quantity"": 1, ""size"": 6}]"
54327,bcom,39a36cd161c7ef2a4a6fd467afea95c1,2024-07-26 10:01:03,"[{""id"": 1, ""brand"": ""Dailies Total1"", ""quantity"": 1, ""size"": 30}]"
54328,bcom,67e5fa4f66c5d07f6335389dd0707481,2024-07-26 10:01:08,"[{""id"": 1, ""brand"": ""Dailies Total1"", ""quantity"": 1, ""size"": 30}, {""id"": 1, ""brand"": ""Dailies Total1"", ""quantity"": 1, ""size"": 30}]"
54329,bcom,9729753e355761e7ef2dc394d9b03627,2024-07-26 10:01:10,"[{""id"": 1, ""brand"": ""Dailies Total1"", ""quantity"": 1, ""size"": 30}]"
54330,bcom,4c7459ae1b5c85c77e81042020a1dd48,2024-07-26 10:01:12,"[{""id"": 67, ""brand"": ""\u0422\u043e\u0432\u0430\u0440 Alcon"", ""quantity"": 1, ""size"": 0}]"
54331,bcom,e2e7f6ed5c7b82638ec30f13dabad8f4,2024-07-26 10:01:13,"[{""id"": 28, ""brand"": ""Air Optix plus HydraGlyde Multifocal"", ""quantity"": 1, ""size"": 3}]"
54332,bcom,ba52ef4d45665dd78d5134f1d3dc4a43,2024-07-26 10:01:15,"[{""id"": 40, ""brand"": ""Precision1"", ""quantity"": 1, ""size"": 30}]"
54333,bcom,2514f9a7b86540869491cdbd1d6ec9d6,2024-07-26 10:01:17,"[{""id"": 28, ""brand"": ""Air Optix plus HydraGlyde Multifocal"", ""quantity"": 1, ""size"": 3}]"
54334,bcom,e679854a021da22d2763f6de90b6e72b,2024-07-26 10:01:19,"[{""id"": 1, ""brand"": ""Dailies Total1"", ""quantity"": 1, ""size"": 30}]"
54335,bcom,5e0cdf963f737d4bbf243b23c779dc4c,2024-07-26 10:01:21,"[{""id"": 40, ""brand"": ""Precision1"", ""quantity"": 1, ""size"": 30}]"
54336,bcom,c0b2a93678497fac103e4686cddbe3b6,2024-07-26 10:01:23,"[{""id"": 28, ""brand"": ""Air Optix plus HydraGlyde Multifocal"", ""quantity"": 1, ""size"": 3}]"
54337,bcom,54d454165ebcac57a2b8e91b71066e05,2024-07-26 16:04:37,"[{""id"": 28, ""brand"": ""Air Optix plus HydraGlyde Multifocal"", ""quantity"": 1, ""size"": 3}]"
54338,,23bee30aa1f949ea93b7c1e5b2891aad,2024-07-26 16:13:27,"[{""id"": ""2"", ""brand"": ""Dailies Total1"", ""quantity"": ""1"", ""size"": ""90""}]"
54339,kb-12,e85f2a445438728b0a1a9d861943eb68,2024-07-26 18:05:09,"[{""id"": 1, ""brand"": ""Dailies Total1"", ""quantity"": ""2"", ""size"": 30}]"
54340,kb-12,484279513c6c6b2b082173cb2df3b6e9,2024-07-26 18:09:02,"[{""id"": 1, ""brand"": ""Dailies Total1"", ""quantity"": ""1"", ""size"": 30}]"
54341,kb-12,87fa8d844410a26fa6ffc81e374fdc1c,2024-07-26 18:10:02,"[{""id"": 40, ""brand"": ""Precision1"", ""quantity"": ""1"", ""size"": 30}]"
54342,kb-12,8ee8f35a65fc6342ea95e1bf0da41919,2024-07-26 18:13:03,"[{""id"": 1, ""brand"": ""Dailies Total1"", ""quantity"": ""1"", ""size"": 30}]"
54343,kb-12,36ff1b12e7acc54c0ded9bb5f70ecd46,2024-07-26 18:18:02,"[{""id"": 1, ""brand"": ""Dailies Total1"", ""quantity"": ""1"", ""size"": 30}]"
54344,kb-12,ed8652aa92541985339b154123265e11,2024-07-26 18:20:02,"[{""id"": 69, ""brand"": ""TOTAL30"", ""quantity"": ""2"", ""size"": 3}]"
54345,kb-12,a4f0d92c6da60e799e109caf4558690b,2024-07-26 18:23:03,"[{""id"": 1, ""brand"": ""Dailies Total1"", ""quantity"": ""1"", ""size"": 30}]"
54346,kb-12,fb086412cba8ad200215cd427d1e81de,2024-07-26 18:26:03,"[{""id"": 69, ""brand"": ""TOTAL30"", ""quantity"": ""1"", ""size"": 3}]"
54347,kb-12,d444f364c6a72ee1688f92b9d0c3b952,2024-07-26 18:32:03,"[{""id"": 69, ""brand"": ""TOTAL30"", ""quantity"": ""2"", ""size"": 3}]"
54348,kb-12,e2eebb1132bfffe09c61589acd9b6eee,2024-07-26 18:38:02,"[{""id"": 1, ""brand"": ""Dailies Total1"", ""quantity"": ""1"", ""size"": 30}]"
54349,kb-12,64bc4199ff498f39a751848cf8dd971c,2024-07-26 18:43:03,"[{""id"": 1, ""brand"": ""Dailies Total1"", ""quantity"": ""2"", ""size"": 30}]"
54350,kb-12,f76235386f14d05ca9ab69f9ecd27aa9,2024-07-26 18:48:02,"[{""id"": 1, ""brand"": ""Dailies Total1"", ""quantity"": ""2"", ""size"": 30}]"
54351,kb-12,38b7dfd8ed4ec6021efbcd3693c9fbf8,2024-07-26 18:49:03,"[{""id"": 40, ""brand"": ""Precision1"", ""quantity"": ""1"", ""size"": 30}]"
54352,kb-12,daa055cd6504afc4157ee648cedc200a,2024-07-26 18:54:03,"[{""id"": 40, ""brand"": ""Precision1"", ""quantity"": ""2"", ""size"": 30}]"
54353,kb-12,f6bb304b29a8fe1a9364ece52ae0f277,2024-07-26 19:02:03,"[{""id"": 2, ""brand"": ""Dailies Total1"", ""quantity"": ""1"", ""size"": 90}]"
54354,kb-12,3b8992bf36c027d77bc7adf726ad2df7,2024-07-26 19:06:02,"[{""id"": 40, ""brand"": ""Precision1"", ""quantity"": ""1"", ""size"": 30}]"
54355,,56ddeec22c567b9930aa1dc6514c8947,2024-07-27 08:09:07,"[{""id"": ""3"", ""brand"": ""Air Optix Aqua"", ""quantity"": ""1"", ""size"": ""3""}]"
54356,,eb910ca7e5195814b7a3e0d56994ebe9,2024-07-27 08:09:09,"[{""id"": ""30"", ""brand"": ""DAILIES AquaComfort Plus"", ""quantity"": ""1"", ""size"": ""90""}]"
54357,,a30172d60f32d1d28a47ba4ef93cacbe,2024-07-27 08:09:04,"[{""id"": ""28"", ""brand"": ""Air Optix plus HydraGlyde Multifocal"", ""quantity"": ""1"", ""size"": ""3""}]"
54358,bcom,b7fbeb938b40fc5c0422d604acd87888,2024-07-27 10:00:03,"[{""id"": 28, ""brand"": ""Air Optix plus HydraGlyde Multifocal"", ""quantity"": 1, ""size"": 3}, {""id"": 28, ""brand"": ""Air Optix plus HydraGlyde Multifocal"", ""quantity"": 1, ""size"": 3}]"
54359,bcom,1ac578c7d0ddec1aa337f43781aca8a3,2024-07-27 10:00:05,"[{""id"": 28, ""brand"": ""Air Optix plus HydraGlyde Multifocal"", ""quantity"": 1, ""size"": 3}]"
54360,bcom,66f70f94db8bdd55b0ef15321d0d121b,2024-07-27 10:00:11,"[{""id"": 28, ""brand"": ""Air Optix plus HydraGlyde Multifocal"", ""quantity"": 1, ""size"": 3}, {""id"": 28, ""brand"": ""Air Optix plus HydraGlyde Multifocal"", ""quantity"": 1, ""size"": 3}]"
54361,bcom,7541ab000c1115334e26de029c97af58,2024-07-27 10:00:14,"[{""id"": 40, ""brand"": ""Precision1"", ""quantity"": 1, ""size"": 30}, {""id"": 40, ""brand"": ""Precision1"", ""quantity"": 1, ""size"": 30}]"
54362,bcom,bd6395b504600c25aee3f55e2714e47a,2024-07-27 10:00:15,"[{""id"": 40, ""brand"": ""Precision1"", ""quantity"": 1, ""size"": 30}]"
54363,bcom,8bb913d57fe69b8913af6d4f7404613a,2024-07-27 10:00:17,"[{""id"": 67, ""brand"": ""\u0422\u043e\u0432\u0430\u0440 Alcon"", ""quantity"": 1, ""size"": 0}]"
54364,bcom,102f17c5e5592cd94004a1f0e4a228c1,2024-07-27 10:00:19,"[{""id"": 67, ""brand"": ""\u0422\u043e\u0432\u0430\u0440 Alcon"", ""quantity"": 1, ""size"": 0}]"
54365,bcom,d037d8a8ce4c923aa2b2d02dfdfbd345,2024-07-27 10:00:21,"[{""id"": 40, ""brand"": ""Precision1"", ""quantity"": 1, ""size"": 30}, {""id"": 40, ""brand"": ""Precision1"", ""quantity"": 1, ""size"": 30}]"
54366,bcom,7f889609c74aa7550b5c09946897eedf,2024-07-27 10:00:23,"[{""id"": 67, ""brand"": ""\u0422\u043e\u0432\u0430\u0440 Alcon"", ""quantity"": 1, ""size"": 0}, {""id"": 67, ""brand"": ""\u0422\u043e\u0432\u0430\u0440 Alcon"", ""quantity"": 1, ""size"": 0}]"
54367,bcom,35b8a7327cc93ac8d9dd301f08552624,2024-07-27 10:00:26,"[{""id"": 28, ""brand"": ""Air Optix plus HydraGlyde Multifocal"", ""quantity"": 1, ""size"": 3}]"
54368,bcom,66ff537f63de056b570c1bc799173b10,2024-07-27 10:00:28,"[{""id"": 6, ""brand"": ""Air Optix Aqua"", ""quantity"": 1, ""size"": 6}]"
54369,bcom,52a6ffa1f3c29f16ec687f0656fee83e,2024-07-27 10:00:30,"[{""id"": 40, ""brand"": ""Precision1"", ""quantity"": 1, ""size"": 30}, {""id"": 40, ""brand"": ""Precision1"", ""quantity"": 1, ""size"": 30}]"
54370,bcom,1b3dff8ecfda4e3880da0ca72fd6aec6,2024-07-27 10:00:32,"[{""id"": 1, ""brand"": ""Dailies Total1"", ""quantity"": 1, ""size"": 30}]"
54371,bcom,4303136d7470dbaa63819f6ba4c77fd6,2024-07-27 10:00:33,"[{""id"": 67, ""brand"": ""\u0422\u043e\u0432\u0430\u0440 Alcon"", ""quantity"": 1, ""size"": 0}]"
54372,bcom,0d31f51f6ba7117f1f94a75ad536f6b1,2024-07-27 10:00:36,"[{""id"": 67, ""brand"": ""\u0422\u043e\u0432\u0430\u0440 Alcon"", ""quantity"": 1, ""size"": 0}]"
54373,bcom,6bb1c3b24ffd8424626d3651a79a39f0,2024-07-27 10:00:37,"[{""id"": 67, ""brand"": ""\u0422\u043e\u0432\u0430\u0440 Alcon"", ""quantity"": 1, ""size"": 0}]"
54374,bcom,0d5eadc3a1990cf831d21d3dcd447d43,2024-07-27 10:00:39,"[{""id"": 1, ""brand"": ""Dailies Total1"", ""quantity"": 1, ""size"": 30}]"
54375,bcom,0c9d19392fcf75898b13ddee48d0704c,2024-07-27 10:00:41,"[{""id"": 1, ""brand"": ""Dailies Total1"", ""quantity"": 1, ""size"": 30}]"
54376,bcom,3470b0b326caf4155564d698d46c68d7,2024-07-27 10:00:45,"[{""id"": 1, ""brand"": ""Dailies Total1"", ""quantity"": 1, ""size"": 30}]"
54377,bcom,898c7a669bd684ff5ec4c9fd562832a2,2024-07-27 10:00:47,[]
54378,bcom,2115dc616e363aa27913d533b48de1a7,2024-07-27 10:00:48,"[{""id"": 1, ""brand"": ""Dailies Total1"", ""quantity"": 1, ""size"": 30}, {""id"": 1, ""brand"": ""Dailies Total1"", ""quantity"": 1, ""size"": 30}]"
54379,bcom,e57ec974dae44a0094d7548323d69ffb,2024-07-27 10:00:50,"[{""id"": 67, ""brand"": ""\u0422\u043e\u0432\u0430\u0440 Alcon"", ""quantity"": 1, ""size"": 0}]"
54380,bcom,a707962e7aeedb5d58893ce2653085e9,2024-07-27 10:00:53,"[{""id"": 51, ""brand"": ""AOSEPT PLUS HYDRAGLYDE"", ""quantity"": 1, ""size"": 360}]"
54381,bcom,413eae0e2c91f1e11dac22a7525a7e75,2024-07-27 10:00:56,"[{""id"": 40, ""brand"": ""Precision1"", ""quantity"": 1, ""size"": 30}]"
54382,bcom,bc894d894b48d2a4c3eb7616f50c349f,2024-07-27 10:00:57,"[{""id"": 28, ""brand"": ""Air Optix plus HydraGlyde Multifocal"", ""quantity"": 1, ""size"": 3}]"
54383,bcom,a108078c3228475192185440edde0c6e,2024-07-27 10:01:01,"[{""id"": 1, ""brand"": ""Dailies Total1"", ""quantity"": 1, ""size"": 30}]"
54384,bcom,0ee0ec91a72cb8dbaf43d40b25dfce07,2024-07-27 11:56:34,"[{""id"": 67, ""brand"": ""\u0422\u043e\u0432\u0430\u0440 Alcon"", ""quantity"": 1, ""size"": 0}, {""id"": 67, ""brand"": ""\u0422\u043e\u0432\u0430\u0440 Alcon"", ""quantity"": 1, ""size"": 0}]"
54385,linzitut,2be5d9cb67e1e6c638a8715883ecbc0d,2024-07-27 15:49:56,"[{""id"": ""1"", ""quantity"": 1, ""size"": 30, ""brand"": ""Dailies Total1""}]"
54386,bcom,6db96cf6589a30b026ae74a43c1fbe1b,2024-07-28 10:00:04,"[{""id"": 1, ""brand"": ""Dailies Total1"", ""quantity"": 1, ""size"": 30}]"
54387,bcom,d48319068b2355b1bb9142b28509dac7,2024-07-28 10:00:06,"[{""id"": 67, ""brand"": ""\u0422\u043e\u0432\u0430\u0440 Alcon"", ""quantity"": 1, ""size"": 0}]"
54388,bcom,efa568de2ddda7b3e9c71713f54ebdf0,2024-07-28 10:00:08,"[{""id"": 6, ""brand"": ""Air Optix Aqua"", ""quantity"": 1, ""size"": 6}]"
54389,bcom,a705f2447f206534e8fe26d5d466afd6,2024-07-28 10:00:10,"[{""id"": 67, ""brand"": ""\u0422\u043e\u0432\u0430\u0440 Alcon"", ""quantity"": 1, ""size"": 0}]"
54390,bcom,2bf0919a6d286ee8ab288d6b5718c6c3,2024-07-28 10:00:11,"[{""id"": 1, ""brand"": ""Dailies Total1"", ""quantity"": 1, ""size"": 30}]"
54391,bcom,a9f7f6fef499c95979492635b05f6ebf,2024-07-28 10:00:13,"[{""id"": 9, ""brand"": ""Air Optix Colors"", ""quantity"": 1, ""size"": 2}]"
54392,bcom,7ba80111c450c7c184514f930a967842,2024-07-28 10:00:15,"[{""id"": 44, ""brand"": ""\u041e\u043f\u0442\u0438-\u0424\u0440\u0438"", ""quantity"": 1, ""size"": 15}, {""id"": 67, ""brand"": ""\u0422\u043e\u0432\u0430\u0440 Alcon"", ""quantity"": 1, ""size"": 0}]"
54393,bcom,8cddd494f5373da31df2cf3252b28aa6,2024-07-28 10:00:16,"[{""id"": 1, ""brand"": ""Dailies Total1"", ""quantity"": 1, ""size"": 30}]"
54394,bcom,c513130512d4da327bad794249772c7b,2024-07-28 10:00:18,"[{""id"": 40, ""brand"": ""Precision1"", ""quantity"": 1, ""size"": 30}, {""id"": 40, ""brand"": ""Precision1"", ""quantity"": 1, ""size"": 30}]"
54395,bcom,4bdaad197316c03ded43056d9759236d,2024-07-28 10:00:20,"[{""id"": 1, ""brand"": ""Dailies Total1"", ""quantity"": 1, ""size"": 30}]"
54396,bcom,3f8a15cfde5bd4680b9000525dadae4a,2024-07-28 10:00:02,"[{""id"": 27, ""brand"": ""Air Optix plus HydraGlyde for Astigmatism"", ""quantity"": 1, ""size"": 3}, {""id"": 27, ""brand"": ""Air Optix plus HydraGlyde for Astigmatism"", ""quantity"": 1, ""size"": 3}]"
54397,bcom,8bd5f0ff5d04b7262beb31d1b1e854ae,2024-07-28 10:00:22,"[{""id"": 28, ""brand"": ""Air Optix plus HydraGlyde Multifocal"", ""quantity"": 1, ""size"": 3}]"
54398,bcom,5f5f56bf9864e347699d64cd22d378b9,2024-07-28 10:00:24,"[{""id"": 28, ""brand"": ""Air Optix plus HydraGlyde Multifocal"", ""quantity"": 1, ""size"": 3}]"
54399,bcom,08e336bcd2dd76782691090d609ab7cd,2024-07-28 10:00:25,"[{""id"": 28, ""brand"": ""Air Optix plus HydraGlyde Multifocal"", ""quantity"": 1, ""size"": 3}]"
54400,bcom,4840ec1c21c94e303d6afefcb3c65875,2024-07-28 10:00:27,"[{""id"": 67, ""brand"": ""\u0422\u043e\u0432\u0430\u0440 Alcon"", ""quantity"": 1, ""size"": 0}]"
54401,bcom,ad7d56893760496544999541a3f24eae,2024-07-28 10:00:29,"[{""id"": 67, ""brand"": ""\u0422\u043e\u0432\u0430\u0440 Alcon"", ""quantity"": 1, ""size"": 0}]"
54402,bcom,5e783b9c194a62e8ad6bbe0c466eaa3d,2024-07-28 10:00:31,"[{""id"": 67, ""brand"": ""\u0422\u043e\u0432\u0430\u0440 Alcon"", ""quantity"": 1, ""size"": 0}]"
54403,bcom,5f9ea108146ff70dd8434809d9cccf2e,2024-07-28 10:00:32,[]
54404,bcom,01ce41aa11389cb83f99710f89d2698e,2024-07-28 10:00:33,"[{""id"": 1, ""brand"": ""Dailies Total1"", ""quantity"": 1, ""size"": 30}, {""id"": 1, ""brand"": ""Dailies Total1"", ""quantity"": 1, ""size"": 30}]"
54405,bcom,0634c76671f7252261524a273f52dd3b,2024-07-28 10:00:35,"[{""id"": 67, ""brand"": ""\u0422\u043e\u0432\u0430\u0440 Alcon"", ""quantity"": 1, ""size"": 0}]"
54406,bcom,a4389a68c68a3f70e5d3954ee587c1b6,2024-07-28 10:00:36,"[{""id"": 28, ""brand"": ""Air Optix plus HydraGlyde Multifocal"", ""quantity"": 1, ""size"": 3}, {""id"": 28, ""brand"": ""Air Optix plus HydraGlyde Multifocal"", ""quantity"": 1, ""size"": 3}]"
54407,bcom,bf102e1ea0f146b7c283b41310795f34,2024-07-28 10:00:39,"[{""id"": 28, ""brand"": ""Air Optix plus HydraGlyde Multifocal"", ""quantity"": 1, ""size"": 3}, {""id"": 28, ""brand"": ""Air Optix plus HydraGlyde Multifocal"", ""quantity"": 1, ""size"": 3}]"
54408,bcom,b8a6075cacdeacf91e247f34a364beec,2024-07-28 10:00:40,"[{""id"": 40, ""brand"": ""Precision1"", ""quantity"": 1, ""size"": 30}, {""id"": 40, ""brand"": ""Precision1"", ""quantity"": 1, ""size"": 30}]"
54409,bcom,e7d977afb7a1c9a1281a73f1aedd0698,2024-07-28 10:00:42,"[{""id"": 8, ""brand"": ""Air Optix plus HydraGlyde"", ""quantity"": 1, ""size"": 6}]"
54410,bcom,51b03b86507a9680b478c9a29964bdd0,2024-07-28 10:00:45,"[{""id"": 67, ""brand"": ""\u0422\u043e\u0432\u0430\u0440 Alcon"", ""quantity"": 1, ""size"": 0}]"
54411,bcom,69c757c6fdd7d8594b013b5d3301ccc6,2024-07-28 10:00:47,"[{""id"": 28, ""brand"": ""Air Optix plus HydraGlyde Multifocal"", ""quantity"": 1, ""size"": 3}]"
54412,bcom,b0594513a24b47c95acb7433c991dbbf,2024-07-28 10:00:49,"[{""id"": 9, ""brand"": ""Air Optix Colors"", ""quantity"": 1, ""size"": 2}]"
54413,bcom,cef1111ad4a8af60c5436442be5fefb1,2024-07-28 10:00:50,"[{""id"": 1, ""brand"": ""Dailies Total1"", ""quantity"": 1, ""size"": 30}, {""id"": 1, ""brand"": ""Dailies Total1"", ""quantity"": 1, ""size"": 30}]"
